Название,Монеты,Категория,Описание задания,"Игры, давшие эту идею",use,Баллы,new?,Тип задания,Title
Использование git-репозитория,1,Репозиторий,Разместите ссылку на git-репозиторий в описании отчёта,,25,1,false,Основа,🔘 💾 Использование git-репозитория
Видео-демки,1,Видеодемки,"Загружайте демки в YouTube или Google Drive или прикрепляйте в виде GIF'ок.\nВ каждом задании могут быть свои мини-демки и мини-гифки, но в этом пункте подразумеваются некоторые итоговые комплексные демки, показывающие общий геймплей или все реализованные возможности.\nМожете размещать здесь также и прошлые версии демок (помечая их в тексте).\nЗадание можно продублировать если демонстрационного материала действительно много",,24,1,false,Основа,🔘 🎬 Видео-демки
Точка остановки,1,Прочие,Идея взята из базового варианта игры Инерция\nНа такой точке игрок приостанавливает своё движение и может выбрать новое направление,🏂 7: Inertia,4,1,false,Элемент,🧩 ⛓ Точка остановки
Остановка движения игрока на точке остановки,1,Прочие,↑ основное свойство точки остановки,🏂 7: Inertia,2,1,false,Свойство,🌀 ⛓ Остановка движения игрока на точке остановки
Цветные клетки,1,Интерфейс,"Здесь подразумевается, что разные игровые элементы имеют разные цвета",Почти во всех играх,16,1,false,Интерфейс,✏️ 🎨 Цветные клетки
Музыкальное сопровождение,1,Интерфейс,Фоновая музыка,Почти во всех играх,18,1,false,Интерфейс,✏️ 🎨 Музыкальное сопровождение
Звуковое сопровождение,1,Интерфейс,Звуки при определённых обстоятельствах,Почти во всех играх,14,1,false,Интерфейс,✏️ 🎨 Звуковое сопровождение
Песок,1,Препятствие,"Проходимая для игрока сущность, но непроходимая для противников и камней",💎 2: Boulder Dash,6,1,false,Элемент,🧩 🚧 Песок
Уничтожение песка,1,Препятствие,"Уничтожение песка, когда на него наступает игрок",💎 2: Boulder Dash,4,1,false,Свойство,🌀 🚧 Уничтожение песка
Основной игрок,1,Игрок,"Основной управляемый игровой элемент, присутствующий почти во всех играх",Почти во всех играх,30,1,false,Элемент,🧩 🏃🏻‍♂️ Основной игрок
Второй игрок,1,Игрок,"Для случаев, когда игра на двоих (либо по сети, либо за одним компом)","💰 4: Lode Runner,💥 5: Battle City",3,1,false,Элемент,🧩 🏃🏻‍♂️ Второй игрок
Летящий мячик,2,Игрок,Основной игровой элемент для New Ball Game\n(отбивается от стен и диагональных щитов)\nОднако он может быть опциональным игровым элементом и в других играх,🧿 3: New Ball Game,2,2,false,Элемент,🧩 🏃🏻‍♂️ Летящий мячик
Текущий “курсор”,1,Игрок,Для игры New Ball Game это указатель позиции для вставки диагонального щита\nОднако это задание можно использовать и для других игр для других целей :),🧿 3: New Ball Game,3,1,false,Элемент,🧩 🏃🏻‍♂️ Текущий “курсор”
Управление курсорными клавишами,1,Игрок,Основной стандартный способ управления игроком или курсором,Почти во всех играх,17,1,false,Свойство,🌀 🏃🏻‍♂️ Управление курсорными клавишами
Возможность движения игрока по диагонали,1,"Игрок,Движение","Возможность для игрока двигаться по диагонали\n(для этого можно использовать либо цифровую клавиатуру, либо буквенные клавиши, либо вообще дать возможность пользователю самому настраивать клавиши)",🏂 7: Inertia,2,1,false,Свойство,🌀 🏃🏻‍♂️ ➡️ Возможность движения игрока по диагонали
Разные иконки направлений,1,Игрок,"В зависимости от того, куда направлен игрок ー будет и отображается разная иконка для него",💥 5: Battle City,14,1,false,Интерфейс,✏️ 🏃🏻‍♂️ Разные иконки направлений
Клетка финиша,1,Финиш,По достижении которой игрок побеждает или проходит на следующий уровень,"💎 2: Boulder Dash,💰 4: Lode Runner,🧨 6: Mined-Out,💣 8: Bomberman",8,1,false,Элемент,🧩 🏁 Клетка финиша
Миноискательность игрока,1,Игрок,"Возможность для игрока узнавать, сколько рядом находится скрытых мин",🧨 6: Mined-Out,1,1,false,Свойство,🌀 🏃🏻‍♂️ Миноискательность игрока
Неизменяемая инерция движения игрока,1,"Игрок,Движение","Автоматическое движение игрока в определённом направлении (без возможности его изменить), пока он не встретится с преградой, точкой остановки и прочими игровыми элементами",🏂 7: Inertia,3,1,false,Свойство,🌀 🏃🏻‍♂️ ➡️ Неизменяемая инерция движения игрока
Изменяемая инерция движения игрока,1,"Игрок,Движение","Автоматическое движение игрока в определённом направлении, но с возможность изменить направление движения в любой момент",👻 9: Pac-Man,3,1,false,Свойство,🌀 🏃🏻‍♂️ ➡️ Изменяемая инерция движения игрока
Гравитация для игрока,1,Игрок,"Падение игрока вниз, если под ним нет опоры\n(для базового выполнения задания достаточно, чтобы игрок мгновенно оказывался внизу)",💰 4: Lode Runner,3,1,false,Свойство,🌀 🏃🏻‍♂️ Гравитация для игрока
Плавный эффект падения для гравитации,1,Игрок,"↑ Дополнение к заданию “Гравитация для игрока”: падение должно быть не мгновенным, а плавным (чтобы был виден процесс падения)\nВыбирайте оба эти задания, чтобы получить в итоге суммарно 2 балла за хорошую гравитацию",💰 4: Lode Runner,2,1,false,Свойство,🌀 🏃🏻‍♂️ Плавный эффект падения для гравитации
Реакция на падение игрока,1,Игрок,"Обычно любое падение игрока безболезненное, но можно сделать некоторый “штраф” (по жизням, энергии, очкам или чему угодно другому)",,3,1,false,Свойство,🌀 🏃🏻‍♂️ Реакция на падение игрока
Особая реакция на падение игрока,1,Игрок,"↑ Дополнение к заданию “Реакция на падение игрока”: реакция только при определённых условиях (например, если высота слишком большая или если запас силы низок и т.п., на ваше усмотрение)",,0,1,false,Свойство,🌀 🏃🏻‍♂️ Особая реакция на падение игрока
Хвост «змейки» (шлейф за игроком),1,Игрок,Так как каждый сегмент хвоста занимается отдельную клетку ー для него нужен отдельный игровой элемент :),🐍 10: Змейка,0,1,false,Элемент,🧩 🏃🏻‍♂️ Хвост «змейки» (шлейф за игроком)
Увеличение хвоста,1,Игрок,"Увеличение хвоста змейки (например, при собирании приза)",🐍 10: Змейка,1,1,false,Свойство,🌀 🏃🏻‍♂️ Увеличение хвоста
Простое задание (60+),60,Основа,"Если простое задание на 60 или нерабочее на 70+\nОпишите, что и как вы реализовали (как можно подробнее), приведите скриншоты приложения",,6,60,false,Основа,🔘 ✔️ Простое задание (60+)
Игровое задание (70+),70,Основа,"Как только игра рабочая ー можно выбирать этот вариант основы\nОпишите очень кратко вашу суть игры, приведите несколько «рекламных» скриншотов игры",,66,70,false,Основа,🔘 ✔️ Игровое задание (70+)
UML-диаграммы классов,1,,,,0,1,false,Основа,🔘  UML-диаграммы классов
От преподавателя,,Замечание,,,46,,false,,  От преподавателя 🆑
Ваше исправление,,Замечание,,,9,,false,,  Ваше исправление 🆑
Использование многопоточности,1,Основа,"Использование отдельных потоков (например, для противников, гравитации, музыки и т.п.)\nВ отчёте опишите, как именно и для чего использовать многопоточность.",,20,1,false,Основа,🔘 ✔️ Использование многопоточности
Продвинутый музыкальный плеер,2,Фичи,"В игру встроен продвинутый музыкальный плеер, который позволяет воспроизводить несколько разных композиций\nПод “продвинотостью” имеется ввиду возможность переключать музыку во время игры нажатием специально выделенной клавиши, при этому новый трек выбирается случайным образом, а также наличие нескольких, а не одной музыкальных композиций в игре.\nПоясните, что именно подразумевается под продвинутостью 🤔\nВозможно лучше будет сделать несколько других более конкретных заданий",Почти во всех играх,1,2,true,Разное,⭕️ ⭐️ Продвинутый музыкальный плеер
Копание песка на расстоянии,1,Игрок,"Игрок может уничтожить песок на клетке слева/справа от себя при этом не переходя на соответствующую клетку, то есть безопасно для себя прокапывать путь вперед",💎 2: Boulder Dash,3,1,true,Свойство,🌀 🏃🏻‍♂️ Копание песка на расстоянии
git: лицензия,½,Репозиторий,Использование лицензии для git-репозитория,Почти во всех играх,6,0.5,true,Основа,🔘 💾 git: лицензия
git: readme file,½,Репозиторий,Использование readme file для git-репозитория,Почти во всех играх,16,0.5,true,Основа,🔘 💾 git: readme file
git: система классов,1,Репозиторий,Использование отдельных файлов для классов в git,,14,1,true,Основа,🔘 💾 git: система классов
Граница игрового поля,1,Уровни,"Использование границ игрового поля. Неуничтожимая стена вокруг игрового поля. Отличается визуально от обычной неуничтожимой стены.\nИмеется в виду особая неуничтожимая стена вокруг игрового поля?\nЧем-то отличается от обычной неуничтожимой стены? Визуально?\n-Да, неуничтожимая стена вокруг игрового поля. Да, отличается визупльно.",Почти во всех играх,13,1,true,Элемент,🧩 🎛 Граница игрового поля
Батут,1,"Движение,Фичи","Позволяет подпрыгивать, при этом с каждым прыжком величина прыжка увеличивается\nИдея из игры: Flip master\nПрототип: батут",,0,1,true,Элемент,🧩 ➡️ ⭐️ Батут
Лава,1,Прочие,"При попадании на нее у игрока отнимаются жизни, также при нахождении возле нее у игрока отнимаются жизни\nИдея из игры: Minecraft\nПрототип: лава\nhttps://minecraft.fandom.com/ru/wiki/%D0%9B%D0%B0%D0%B2%D0%B0",,2,1,true,Элемент,🧩 ⛓ Лава
Граната,1,Инвентарь,"Элемент, который бросается в определенную клетку игрового поля, после определенного времени взрывается\nИдея из игры: XCOM\nПрототип: зажигательная граната\nhttps://xcom.fandom.com/ru/wiki/%D0%97%D0%B0%D0%B6%D0%B8%D0%B3%D0%B0%D1%82%D0%B5%D0%BB%D1%8C%D0%BD%D0%B0%D1%8F_%D0%B3%D1%80%D0%B0%D0%BD%D0%B0%D1%82%D0%B0",,0,1,true,Элемент,🧩 🧳 Граната
Генератор маскировочное поле,1,Прочие,"Элемент, который позволяет генерировать маскировочное поле\nИдея из игры: Command & Conquer 3: Tiberium Wars\nПрототип: маскировочная вышка НОД\nhttp://cnc3.ru/autohtml.php?filename=nod-idb/29.htm",,0,1,true,Элемент,🧩 ⛓ Генератор маскировочное поле
Маскировочное поле,2,Прочие,"Защищает объекты, которые находятся внутри поля от просмотра из вне этого поля. То есть тот, кто находится вне поля, не может видеть то, что находится внутри поля. А тот, кто находится внутри поля, может видеть то, что происходит вне данного поля.\nИдея из игры: Command & Conquer 3: Tiberium Wars\nПрототип: маскировочнаое поле НОД\nhttp://cnc3.ru/autohtml.php?filename=nod-idb/29.htm",,0,2,true,Свойство,🌀 ⛓ Маскировочное поле
Защитное поле,1,Движение,"Клетка, через которую могут пройти только определенные сущности. Дружественное защитное поле позволяет проходить только игроку, но враги не могут через него пройти. А вражеское защитное поле позволяет проходить через него только врагам, но не игроку.\nИдея из игры: PlanetSide2\nПрототип: защитное поле вокруг врат в игре PlanetSide2 https://planetside.fandom.com/ru/wiki/%D0%92%D1%80%D0%B0%D1%82%D0%B0",,0,1,true,Элемент,🧩 ➡️ Защитное поле
Джетпак,1,Игрок,"Позволяет перелетать через препятствия (например, стены, камни)\nИдея из игры: Command & Conquer 3: Tiberium Wars\nПрототип: ракетный двигатель спецназа ГСБ\nhttp://cnc3.ru/autohtml.php?filename=idb/41.htm",,0,1,true,Разное,⭕️ 🏃🏻‍♂️ Джетпак
Двойной прыжок,1,Игрок,Позволяет выполнить прыжок дважды\nИдея из игры: CS:GO\nПрототип: двойной прыжок\nhttps://steamcommunity.com/sharedfiles/filedetails/?id=2304560178,,0,1,true,Свойство,🌀 🏃🏻‍♂️ Двойной прыжок
Прыжок,1,Игрок,Позволяет выполнить прыжок,13: Fireboy And Watergirl,0,1,true,Свойство,🌀 🏃🏻‍♂️ Прыжок
Диалог с пользователем: при попытке закрыть форму,1,Меню,"В GUI версии игры при попытке закрыть форму вызывает диалог с пользователем, который позволяет предотвратить случайное закрытие формы",Почти во всех играх,7,1,true,Интерфейс,✏️ 🎹 Диалог с пользователем: при попытке закрыть форму
Многоязычный интерфейс,1,Меню,Позволяет играть в игру на двух и более языках,Почти во всех играх,1,1,true,Интерфейс,✏️ 🎹 Многоязычный интерфейс
Игра по локальной сети,4,Прочие,Одна из возможных реализаций пункта “Игра по сети”. Позволяет играть внутри локальной сети на разных компьютерах,Почти во всех играх,0,4,true,Разное,⭕️ ⛓ Игра по локальной сети
Игра по сети “Интернет”,4,Прочие,Одна из возможных реализаций пункта “Игра по сети”. Позволяет играть через сеть интернет,Почти во всех играх,0,4,true,Разное,⭕️ ⛓ Игра по сети “Интернет”
Медпункт,1,Бонус,"Клетка, при нахождении в которой или возле нее игрок восстанавливает жизни/здоровье",,0,1,true,Элемент,🧩 ➕ Медпункт
Ремонтная база,1,Бонус,"Клетка, при нахождении в которой или возле нее игрок восстанавливает очки брони",,0,1,true,Элемент,🧩 ➕ Ремонтная база
Артиллерийская поддержка/бомбардировка с воздуха,1,Бонус,"По заданной клетки или диапазону клеток наносится артиллерийский удар/воздушный удар, который наносит урон всем, кто находится в заданной области",,0,1,true,Алгоритм,⚛️ ➕ Артиллерийская поддержка/бомбардировка с воздуха
Горение танка,1,Анти-бонус,"Танк игрока горит, со временем уменьшается количество жизней игрока.\nИдея из игры War Thunder (горение танка)",,0,1,true,Свойство,🌀 ➖ Горение танка
Огнетушитель,1,Бонус,Позволяет потушить пожар в танке.\nИдея из игры War Thunder (огнетушитель),,0,1,true,Свойство,🌀 ➕ Огнетушитель
Осколочный снаряд,1,Бонус,"Особый тип снаряда танка. Особенность заключается в том, что при взрыве создает осколки, которые поражают технику на расстоянии нескольких клеток от места, в котором взорвался снаряд\nИдея из игры War Thunder (осколочный снаряд)",,0,1,true,Свойство,🌀 ➕ Осколочный снаряд
Подкалиберный снаряд,1,Бонус,"Особый тип снаряда танка. Особенность заключается в том, что при взрыве наносит повышенный урон врагу\nИдея из игры War Thunder (подкалиберный снаряд)",,0,1,true,Свойство,🌀 ➕ Подкалиберный снаряд
Переключение снарядов для танка,1,Бонус,"Особенность заключается в том, что игрок имеет возможность переключать тип снаряда, которым он будет стрелять\nИдея из игры War Thunder (смена типов снарядов)",,0,1,true,Свойство,🌀 ➕ Переключение снарядов для танка
Видеозаставки победы/поражения,2,Уровни,"При победе/поражении запускается соответствующий видеофрагмент, который показывает небольшую сцену победы/поражения",,3,2,true,Разное,⭕️ 🎛 Видеозаставки победы/поражения
Видеозаставки игровых сцен,2,Уровни,"Во время игры при определенных условиях запускается соответствующий видеофрагмент, который показывает небольшую сцену, которая относиться к этому моменту.\nПри этом игровой процесс временно останавливается\nНапример, при первом сборе алмаза, при первой встрече с врагом и т.д.",,0,2,true,Разное,⭕️ 🎛 Видеозаставки игровых сцен
Системные требования к игре,1,Основа,Определение минимальных (и/или рекомендованных) системных требований для игры,,9,1,true,Разное,⭕️ ✔️ Системные требования к игре
Руководство к игре,2,Фичи,"Создание руководства для игрока, которое описывает возможности и правила игры",,4,2,true,Разное,⭕️ ⭐️ Руководство к игре
Обзор (рецензия) к игре,2,Фичи,"Написание обзора (рецензии) игры, в котором описываются как преимущества игры, так и ее недостатки, а также дается общая оценка игре",,2,2,true,Разное,⭕️ ⭐️ Обзор (рецензия) к игре
Ведение блога разработчика,2,Фичи,"Создание блога разработчика, в котором публикуется информация по поводу игры",,2,2,true,Разное,⭕️ ⭐️ Ведение блога разработчика
"Подсчет расстояния, которые преодолели камни за время падения под воздействием гравитации",1,Уровни,"Игра выполняет подсчет расстояния, которые преодолели камни за время падения под воздействием гравитации",,2,1,true,Разное,"⭕️ 🎛 Подсчет расстояния, которые преодолели камни за время падения под воздействием гравитации"
"Подсчет расстояния, которое преодолел игрок, перемещая камни",1,Уровни,"Игра выполняет подсчет расстояния, которое преодолел игрок, перемещая камни",,2,1,true,Разное,"⭕️ 🎛 Подсчет расстояния, которое преодолел игрок, перемещая камни"
Сохранение игровой статистики за сессию в базу данных,3,Фичи,Игра выполняет сохранение игровых статистических данных в базу данных,,1,3,true,Разное,⭕️ ⭐️ Сохранение игровой статистики за сессию в базу данных
"Отображение количества песка, который выкопал игрок на расстоянии",½,Фичи,"Игра позволяет отобразить количество песка, который выкопал игрок на игровой панели, это количество может изменятся в течении игры",💎 2: Boulder Dash,1,0.5,true,Разное,"⭕️ ⭐️ Отображение количества песка, который выкопал игрок на расстоянии"
"Подсчет количества песка, который выкопал игрок на расстоянии",1,Фичи,"Игра позволяет подсчитать количество песка, который выкопал игрок на расстоянии в течении игры",💎 2: Boulder Dash,1,1,true,Разное,"⭕️ ⭐️ Подсчет количества песка, который выкопал игрок на расстоянии"
Огнестойкость,1,Бонус,Предотвращает воздействие огня на игрока,,0,1,true,Элемент,🧩 ➕ Огнестойкость
Увеличение силы,1,Бонус,"В зоне действия этого элемента повышается урон, наносимый игроком",,0,1,true,Элемент,🧩 ➕ Увеличение силы
Уменьшение силы,1,Анти-бонус,"В зоне действия этого элемента понижается урон, наносимый игроком",,0,1,true,Элемент,🧩 ➖ Уменьшение силы
Редкий алмаз,1,Бонус,"Отличается от обычного тем, что дает больше бонусных баллов игроку",💎 2: Boulder Dash,0,1,true,Элемент,🧩 ➕ Редкий алмаз
Пустая клетка,1,Движение,"Клетка, которая появляется на том месте, где игрок откопал клетку с песком",💎 2: Boulder Dash,6,1,true,Элемент,🧩 ➡️ Пустая клетка
Клетка для текстового символа,1,Игрок,"Клетка, в которой можно отобразить текстовый символ",Почти во всех играх,1,1,true,Элемент,🧩 🏃🏻‍♂️ Клетка для текстового символа
Уникальные способности классов игроков,1,Фичи,"Каждый класс имеют свою уникальную особенность.\nНапример, медик - способность лечить себя и других игроков, штурмовик имеет улучшенную броню и т.д.",,0,1,true,Свойство,🌀 ⭐️ Уникальные способности классов игроков
Летательные аппараты,1,Фичи,"В игре присутствуют летательные аппараты, которые позволяют игроку перемещается по воздуху, например, самолет, вертолет и т.д.",,0,1,true,Элемент,🧩 ⭐️ Летательные аппараты
Акваланг,1,Фичи,"Позволяет преодолевать водные препятствия, погружаясь под воду и становясь невидимым для противников с поверхности",,0,1,true,Элемент,🧩 ⭐️ Акваланг
Пираньи,1,Фичи,Живут в воде. Если игрок с аквалнгом попадает в клетку с пираньями - у него уменьшаются постепенно жизни,,0,1,true,Элемент,🧩 ⭐️ Пираньи
Использование пакетов NuGet в проекте,1,Основа,Подключение и применение пакетов NuGet в проекте,Почти во всех играх,3,1,true,Основа,🔘 ✔️ Использование пакетов NuGet в проекте
Применение многоуровневой архитектуры приложения,3,Основа,Создание архитектуры приложения из нескольких слоев,Почти во всех играх,1,3,true,Основа,🔘 ✔️ Применение многоуровневой архитектуры приложения
Парашут,1,Бонус,"При использовании позволяет игроку падать плавно, предотвращает от получения урона при падении",,0,1,true,Элемент,🧩 ➕ Парашут
Урон при падении,1,Анти-бонус,"При падении с большой высоты игрок получает урон, количество его жизней уменьшается",,0,1,true,Свойство,🌀 ➖ Урон при падении
Изменение силы удара игрока,1,"Анти-бонус,Бонус","Урон, который наносит игрок может увеличивается или уменьшатся в зависимости от определенных условий",,0,1,true,Свойство,🌀 ➖ ➕ Изменение силы удара игрока
Зелья,1,"Анти-бонус,Бонус",Могут переносится в инвентаре игрока. Позволяют активировать бонусный эффект в нужный момент времени.,,0,1,true,Элемент,🧩 ➖ ➕ Зелья
Молоко,1,"Анти-бонус,Бонус",Позволяет снять действие всех эффектов с игрока,,0,1,true,Элемент,🧩 ➖ ➕ Молоко
Золотое яблоко,1,Бонус,Временно усиливает все способности игрока,,0,1,true,Элемент,🧩 ➕ Золотое яблоко
Бонусы/антибонусы появляются после смерти противника,1,"Анти-бонус,Бонус","После смерти игрока с определенной вероятностью появляется бонус/антибонус, который влияет на игрока",,0,1,true,Свойство,🌀 ➖ ➕ Бонусы/антибонусы появляются после смерти противника
Трейлер игры,2,Видеодемки,"Создание захватывающего трейлера к игре, который привлекает внимание людей к основным возможностям игры",Почти во всех играх,3,2,true,Разное,⭕️ 🎬 Трейлер игры
Публикация игры в магазине игр или других игровых платформах (Steam и другие),3,Фичи,"Публикация игры в общий доступ через одну из площадок для размещения игр в публичном доступе (например, Steam и другие).\nВ зависимости от типа платформы количество монеток может меняться.",Почти во всех играх,2,3,true,Разное,⭕️ ⭐️ Публикация игры в магазине игр или других игровых платформах (Steam и другие)
Разработка сайта (лендинга) игры,3,Фичи,Разработка и размещение в интернете сайта про игру.\nКоличество монеток может меняться в зависимости от уровня разработки сайта с информацией про игру,Почти во всех играх,7,3,true,Разное,⭕️ ⭐️ Разработка сайта (лендинга) игры
"Создание аккаунтов-сообществ игры в социальных сетях (Telegram, Instagram, Facebook, Twitch и т.д.)",2,Фичи,"Создание сообществ для продвижения игры через социальные сети путем создания каналов/чатов в Telegram, аккаунта игры в Instagram, страницы или группы игры в Facebook и т.д.\nВ зависимости от типа платформы и глубины проработки сообщества количество монеток может меняться",Почти во всех играх,6,2,true,Разное,"⭕️ ⭐️ Создание аккаунтов-сообществ игры в социальных сетях (Telegram, Instagram, Facebook, Twitch и т.д.)"
Создание сборника саундтрека к игре,2,Фичи,Размещение саундтрека игры в интернете с возможностью скачивать его для прослушивания вне игры,Почти во всех играх,1,2,true,Разное,⭕️ ⭐️ Создание сборника саундтрека к игре
Создание игровой энциклопедии (википедии) с информацией про игры,3,Фичи,Предполагает создание специального сайта в интернете (энциклопедии-википедии) с описанием игровых элементом,Почти во всех играх,1,3,true,Разное,⭕️ ⭐️ Создание игровой энциклопедии (википедии) с информацией про игры
Заморозка,1,Анти-бонус,Замораживает игрока на определенное время\nИдея из игры: Command & Conquer: Red Alert 3 — Uprising\nПрототип: криолегионеры\nhttps://wikiwarriors.org/wiki/%D0%9A%D1%80%D0%B8%D0%BE%D0%BB%D0%B5%D0%B3%D0%B8%D0%BE%D0%BD%D0%B5%D1%80%D1%8B_(Red_Alert),,2,1,true,Свойство,🌀 ➖ Заморозка
Титановая броня,1,Бонус,Позволяет поглощать снаряды с существенно меньшим уроном для игрока\nИдея из игры: XCOM\nПрототип: титановая броня\nhttps://xcom.fandom.com/ru/wiki/%D0%A2%D0%B8%D1%82%D0%B0%D0%BD%D0%BE%D0%B2%D0%B0%D1%8F_%D0%B1%D1%80%D0%BE%D0%BD%D1%8F,,0,1,true,Свойство,🌀 ➕ Титановая броня
Энергетический щит,1,Игрок,"Полностью поглощает урон, который получает игрок\nИдея из игры: Command & Conquer 3: Tiberium Wars\nПрототип: силовой щит скринов.\nhttps://aminoapps.com/c/commandconqu653/page/blog/sekretnye-arkhivy-skrinny/RPzd_p7Cwuw3zWzn5YEEmYwG7vJPN10Bwn",,0,1,true,Свойство,🌀 🏃🏻‍♂️ Энергетический щит
Улучшенный энергетический щит,1,Игрок,"Полностью поглощает урон, который получает игрок. Имеет большую прочность, чем обычный щит\nИдея из игры: Command & Conquer 3: Tiberium Wars\nПрототип: силовой щит скринов.\nhttps://aminoapps.com/c/commandconqu653/page/blog/sekretnye-arkhivy-skrinny/RPzd_p7Cwuw3zWzn5YEEmYwG7vJPN10Bwn",,0,1,true,Свойство,🌀 🏃🏻‍♂️ Улучшенный энергетический щит
ЭМИ (электромагнитная индукция),1,"Анти-бонус,Бонус",Позволяет уничтожить энергетический щит\nИдея из игры: Command & Conquer 3: Tiberium Wars\nПрототип: ЭМИ в игре http://cnc3.ru/modules.php?name=Pages&go=page&pid=89,,0,1,true,Свойство,🌀 ➖ ➕ ЭМИ (электромагнитная индукция)
Ботинки-скороходы,1,Игрок,Существенно ускоряют движение игрока/монстра,11: Playing with Fire,1,1,true,Элемент,🧩 🏃🏻‍♂️ Ботинки-скороходы
Уменьшение границ уровня по истечении времени,2,Уровни,"После истечения заданного времени границы уровня уменьшаются, мотивируя игрока отступать к центру",11: Playing with Fire,0,2,true,Свойство,🌀 🎛 Уменьшение границ уровня по истечении времени
Зыбучий песок,1,Анти-бонус,"Игровой элемент, который замедляет движение игрока\nИдея из игры: Minecraft\nПрототип: песок душ в Minecraft https://minecraft.fandom.com/ru/wiki/%D0%9F%D0%B5%D1%81%D0%BE%D0%BA_%D0%B4%D1%83%D1%88",,0,1,true,Элемент,🧩 ➖ Зыбучий песок
Маскировочный костюм игрока,1,Игрок,"Специальный костюм, который позволяет игроку на время стать невидимым. После этого костюм требует перезарядки, в течении которой он восстанавливает свою способность генерировать невидимое поле\nИдея из игры: PlanetSide2\nПрототип: способность диверсанта быть невидимым\nhttps://planetside.fandom.com/ru/wiki/%D0%94%D0%B8%D0%B2%D0%B5%D1%80%D1%81%D0%B0%D0%BD%D1%82",,0,1,true,Свойство,🌀 🏃🏻‍♂️ Маскировочный костюм игрока
Острое зрение (всевидимость),1,"Игрок,Противник",Позволяет видеть скрытые (замаскированные) объекты\nИдея из игры: Command & Conquer 3: Tiberium Wars\nПрототип: возможность обнаруживать невидимые объекты “Бульдогом”\nhttp://forums.cncseries.ru/index.php?showtopic=7255,,0,1,true,Свойство,🌀 🏃🏻‍♂️ 🤖 Острое зрение (всевидимость)
Нажимная плита,1,Движение,Позволяет активировать тот или иной механизм. Для работоспособности все время должна быть нажата.,13: Fireboy And Watergirl,1,1,true,Элемент,🧩 ➡️ Нажимная плита
Способность летать,1,"Игрок,Противник,Движение",Позволяет игроку/противнику преодолевать силу гравитации\nИдея из игры: Spore\nПрототип: крылья персонажа https://spore.fandom.com/ru/wiki/%D0%9F%D0%BE%D0%BB%D1%91%D1%82,,2,1,true,Свойство,🌀 🏃🏻‍♂️ 🤖 ➡️ Способность летать
Крылья,1,"Игрок,Противник,Движение",Предоставляют игроку/противнику возможность летать\nИдея из игры: Spore\nПрототип: крылья персонажа https://spore.fandom.com/ru/wiki/%D0%9F%D0%BE%D0%BB%D1%91%D1%82,,0,1,true,Элемент,🧩 🏃🏻‍♂️ 🤖 ➡️ Крылья
Заряд (позитивный или негативный),1,Игрок,"Создает электромагнитное поле. Если в радиусе одной клетки от элемента есть магнит, то заряд притягивается/отталкивается к/от магнита.\nНужно подробнее здесь описать, чтобы было понятно, что это такое без запуска игры Polarity Switch :)",14: Polarity Switch,0,1,true,Элемент,🧩 🏃🏻‍♂️ Заряд (позитивный или негативный)
Магнит,1,Игрок,"Позволяет притягивать или отталкивать элементы, имеющие электромагнитный заряд",14: Polarity Switch,0,1,true,Элемент,🧩 🏃🏻‍♂️ Магнит
Лифт,1,Движение,Позволяет быстро перемещать игрока вверх/вниз\nИдея из игры: Evil Nun.\nПрототип: лифт https://keplerians-games.fandom.com/ru/wiki/%D0%9B%D0%B8%D1%84%D1%82,,0,1,true,Элемент,🧩 ➡️ Лифт
Главное меню игры,1,Меню,,,29,1,false,Интерфейс,✏️ 🎹 Главное меню игры
Вариативные размеры поля,1,Уровни,Разные уровни могут иметь разные размеры поля,Почти во всех играх,10,1,false,Интерфейс,✏️ 🎛 Вариативные размеры поля
Ввод имени игрока,1,Результаты,,,16,1,false,Интерфейс,✏️ 📊 Ввод имени игрока
Подсчёт количества ходов,1,Результаты,И вывод в статистике в конце игры,,7,1,false,Интерфейс,✏️ 📊 Подсчёт количества ходов
Отображение шагов в блоке информации,½,Результаты,,,7,0.5,false,Интерфейс,✏️ 📊 Отображение шагов в блоке информации
Подсчёт времени прохождения уровня/игры,1,Результаты,И вывод в статистике в конце игры,,10,1,false,Интерфейс,✏️ 📊 Подсчёт времени прохождения уровня/игры
Отображение времени игры в блоке информации,½,Результаты,,,8,0.5,false,Интерфейс,✏️ 📊 Отображение времени игры в блоке информации
Обратный отсчёт времени,1,Результаты,Если не успеть выиграть — game over,,3,1,false,Интерфейс,✏️ 📊 Обратный отсчёт времени
Простой подсчет очков,1,Результаты,,,10,1,false,Интерфейс,✏️ 📊 Простой подсчет очков
Особый подсчёт очков (формула),1,Результаты,"Например, зависящая от нескольких критериев: время прохождения, количество ходов, собранные призы, и т.д.",,1,1,false,Интерфейс,✏️ 📊 Особый подсчёт очков (формула)
Отображение очков в блоке информации,½,Результаты, Выводятся вовремя игрового процесса  сбоку или снизу,,9,0.5,false,Интерфейс,✏️ 📊 Отображение очков в блоке информации
Особые подсчёты бонусов и т.п.,1,Результаты,"Например, количество необязательных призов или ключей и т.п.",,0,1,false,Интерфейс,✏️ 📊 Особые подсчёты бонусов и т.п.
Список результатов всех игр,1,Результаты,Упорядоченный по времени игры,,8,1,false,Интерфейс,✏️ 📊 Список результатов всех игр
Список лучших результатов,1,Результаты,Упорядоченный по результатам,,4,1,false,Интерфейс,✏️ 📊 Список лучших результатов
Победа при достижении финиша,1,Финиш,↑ Собственно это основное назначение клетки финиша :),,6,1,false,Свойство,🌀 🏁 Победа при достижении финиша
Победа при определённых обстоятельствах,1,Финиш,"Например, когда собраны все обязательные призы, или открыты все двери, или уничтожены все монстры.\nУкажите, какие именно у вас критерии и если их несколько разных ー можно “дублировать” это задание и получать балл за каждый *уникальный* критерий\nНо при этом критерий не должен “дублировать” другое *такое же* по смыслу, но конкретное задание ↓",,15,1,false,Свойство,🌀 🏁 Победа при определённых обстоятельствах
Появление клетки финиша при определённых обстоятельствах,1,Финиш,Про примеры обстоятельств и “дублируемость” читайте выше ↑,,3,1,false,Свойство,🌀 🏁 Появление клетки финиша при определённых обстоятельствах
Появление клетки финиша через некоторое время,1,Финиш,,,1,1,false,Свойство,🌀 🏁 Появление клетки финиша через некоторое время
Карта в виде «тора»,1,Уровни,"Имеется в виду, что если, к примеру, перейти за левый край, то появляемся с правой стороны (и аналогично по вертикали)",👻 9: Pac-Man,3,1,false,Интерфейс,✏️ 🎛 Карта в виде «тора»
Видимость только ближайшего пространства рядом с игроком (ограниченная видимость),2,Уровни,"Например, игрок видит только несколько соседних клеток, а остальные для него невидимы, и эта видимая область перемещается за игроком",💰 4: Lode Runner,1,2,false,Интерфейс,✏️ 🎛 Видимость только ближайшего пространства рядом с игроком (ограниченная видимость)
Видимая область перемещается с игроком (фрейм отображаемой области),2,Уровни,"Примерно как скролл в окне, но тут он просто зависит от перемещения игрока",,2,2,false,Интерфейс,✏️ 🎛 Видимая область перемещается с игроком (фрейм отображаемой области)
Продуманные интересные уровни,1,Уровни,"Можно дублировать задание несколько раз (в разумных пределах)\nНапример, по несколько уровней за монету (в зависимости от продуманности уровня)",,13,1,false,Разное,⭕️ 🎛 Продуманные интересные уровни
Пасхалочка типа кода Konami,1,Фичи,,,4,1,false,Разное,⭕️ ⭐️ Пасхалочка типа кода Konami
Случайная генерация уровней,2,Уровни,Просто самый обычный рандом для размещаемых элементов,🧨 6: Mined-Out,2,2,false,Алгоритм,⚛️ 🎛 Случайная генерация уровней
Непроходимая стена,1,Препятствие,Стандартная обычная стена (непроходимое препятствие),"🗝 1: Лабиринт,🧿 3: New Ball Game,💣 8: Bomberman",20,1,false,Элемент,🧩 🚧 Непроходимая стена
Непроходимость,1,Препятствие,↑ Стандартное свойство непроходимых игроком элементов (в частности стен),Почти во всех играх,10,1,false,Свойство,🌀 🚧 Непроходимость
Уничтожимая стена,1,Препятствие,"Стена, которую можно уничтожить определённым образом (выстрелом, выкапыванием, взрывом и т.п.)","💎 2: Boulder Dash,💰 4: Lode Runner,💥 5: Battle City,💣 8: Bomberman",9,1,false,Элемент,🧩 🚧 Уничтожимая стена
Уничтожимость,1,Препятствие,"Возможность элементу быть уничтожимым определённым способом (выстрелом, выкапыванием, взрывом и т.п.)",,6,1,false,Свойство,🌀 🚧 Уничтожимость
Неуничтожимая стена,1,Препятствие,"Особый вид стены, которую нельзя уничтожить.\nОбычно задание используется в паре с предыдущим ↑","💎 2: Boulder Dash,💰 4: Lode Runner,💥 5: Battle City,💣 8: Bomberman",10,1,false,Элемент,🧩 🚧 Неуничтожимая стена
Самовосстанавливающаяся стена,1,Препятствие,"Стена, которая через какое-то время сама восстанавливается (вновь появляется после уничтожения)",💰 4: Lode Runner,2,1,false,Элемент,🧩 🚧 Самовосстанавливающаяся стена
Автовосстановление стены,1,Препятствие,↑ Свойство самовосстанавливающейся стены,💰 4: Lode Runner,2,1,false,Свойство,🌀 🚧 Автовосстановление стены
Случайное появление стен,1,Препятствие,Появление нового препятствия в случайном месте,,0,1,false,Свойство,🌀 🚧 Случайное появление стен
Вода,1,Препятствие,"Особый вид препятствия, через которое нельзя пройти, но зато выстрелы могут пролетать поверх неё",💥 5: Battle City,1,1,false,Элемент,🧩 🚧 Вода
Прозрачная стена,1,Препятствие,"Чем-то похоже на предыдущее задание ↑\nНо немного другой смысл: шарик пролетает через эту стену не останавливаясь, но поверх такой стены нельзя поставить диагональный щит",🧿 3: New Ball Game,0,1,false,Элемент,🧩 🚧 Прозрачная стена
Двери,1,Препятствие,"Особый вид препятствия, который можно открыть ключом",🗝 1: Лабиринт,8,1,false,Элемент,🧩 🚧 Двери
Автозакрытие двери (через N шагов),1,Препятствие,"Имеется в виду, что после того как дверь была открыта, она автоматически закроется, когда игрок сделает определённое количество (N) шагов",,0,1,false,Свойство,🌀 🚧 Автозакрытие двери (через N шагов)
Автозакрытие двери (через N секунд),1,Препятствие,"Имеется в виду, что после того как дверь была открыта игроком, она автоматически закроется через определённое количество (N) секунд",,0,1,false,Свойство,🌀 🚧 Автозакрытие двери (через N секунд)
Телепорт,1,Телепорт,"Любой элемент, телепортирующий игрока в другую клетку\nЕсли у вас несколько видов телепортов, используйте (”дублируйте”) для каждого из них это задания, и в отчёте описывайте каждый вид телепорта по отдельности",,11,1,false,Элемент,🧩 📡 Телепорт
Телепортация между двумя точками на экране,1,Телепорт,,🧿 3: New Ball Game,9,1,false,Свойство,🌀 📡 Телепортация между двумя точками на экране
Телепортация между трёмя и более точками на экране,1,Телепорт,,🧿 3: New Ball Game,0,1,false,Свойство,🌀 📡 Телепортация между трёмя и более точками на экране
Телепортация в случайное место на экране,1,Телепорт,,,2,1,false,Свойство,🌀 📡 Телепортация в случайное место на экране
Телепортация в случайное место на определённой области (части карты),1,Телепорт,,,0,1,false,Свойство,🌀 📡 Телепортация в случайное место на определённой области (части карты)
Телепортация в случайное место на небольшое расстояние рядом с игроком,1,Телепорт,,,0,1,false,Свойство,🌀 📡 Телепортация в случайное место на небольшое расстояние рядом с игроком
Случайная работоспособность телепорта,1,Телепорт,"Имеется в виду, что он может либо сработать, либо не сработать (случайная составляющая)",🧿 3: New Ball Game,2,1,false,Свойство,🌀 📡 Случайная работоспособность телепорта
Изменение направления движения,1,Движение,"Элемент изначально взят из игры New Ball Game, но вполне гармонично подходит для Inertia или Pac-Man, а также может использоваться и в других играх при определённых обстоятельствах.\nДля каждого вида изменения направления движения можно создавать отдельный игровой элемент (и соответственно дублировать это задание в отчёте, описывая каждый элемент по отдельности, и получая за каждый из них отдельный балл)",🧿 3: New Ball Game,6,1,false,Элемент,🧩 ➡️ Изменение направления движения
Изменение направления движения в определённую сторону,1,Движение,,🧿 3: New Ball Game,8,1,false,Свойство,🌀 ➡️ Изменение направления движения в определённую сторону
Изменение направления движения в случайном направлении,1,Движение,,🧿 3: New Ball Game,0,1,false,Свойство,🌀 ➡️ Изменение направления движения в случайном направлении
Изменение направления движения по (против) часовой стрелки,1,Движение,,🧿 3: New Ball Game,1,1,false,Свойство,🌀 ➡️ Изменение направления движения по (против) часовой стрелки
Ускорение движения,1,Движение,,🧿 3: New Ball Game,0,1,false,Элемент,🧩 ➡️ Ускорение движения
Замедление движения,1,Движение,,🧿 3: New Ball Game,1,1,false,Элемент,🧩 ➡️ Замедление движения
Инвентарь у игрока,1,"Инвентарь,Игрок",Возможность собирать предметы для дальнейшего их использования,,1,1,false,Свойство,🌀 🧳 🏃🏻‍♂️ Инвентарь у игрока
Ограниченный рюкзак для элементов,1,Инвентарь,"Есть ограничение на количество предметов в инвентаре (больше определённого количества нельзя разместить, новые попытки игнорируются, пока не будут использованы уже собранные предметы)",,0,1,false,Свойство,🌀 🧳 Ограниченный рюкзак для элементов
"Очень ограниченный рюкзак для элементов (например, всего на один)",1,Инвентарь,"При этом, например, когда собирается новый элемент, то старый из рюкзака автоматически выкладывается на его место",,0,1,false,Свойство,"🌀 🧳 Очень ограниченный рюкзак для элементов (например, всего на один)"
Выкладывание предмета из инвентаря,1,"Инвентарь,Игрок",Возможность выборочно выложить предмет из инвентаря без его использования (и с возможностью собрать его снова потом),,0,1,false,Свойство,🌀 🧳 🏃🏻‍♂️ Выкладывание предмета из инвентаря
Неограниченный рюкзак для элементов,1,Инвентарь,"Предметы можно собирать в неограниченном количестве (подразумевается, что их может быть действительно много и это учтено интерфейсно и программно)",,0,1,false,Свойство,🌀 🧳 Неограниченный рюкзак для элементов
Лом (уничтожитель стен),1,Инвентарь,"С помощью него можно уничтожать препятствия.\nПри этом он может быть как одноразовым, “несколько-разовым”, так и многоразовым.\nИ способ применения может быть различным.\nОпишите, как именно вы реализовали в отчёте ;)",,0,1,false,Элемент,🧩 🧳 Лом (уничтожитель стен)
Уничтожение стен (с помощью лома),1,Инвентарь,↑ свойство лома,,0,1,false,Свойство,🌀 🧳 Уничтожение стен (с помощью лома)
Мина,1,Инвентарь,"Её можно поставить на поле, и на ней подорвётся противник, когда наступит на неё",,0,1,false,Элемент,🧩 🧳 Мина
Уничтожение противника при наступании на мину,1,Инвентарь,↑ свойство мины,,0,1,false,Свойство,🌀 🧳 Уничтожение противника при наступании на мину
Ключ,1,"Инвентарь,Препятствие","Специальный элемент, который может открывать двери.\nОпишите в отчёте, одноразовые или многоразовые у вас ключи, есть ли разные цвета или типы ключей и т.п.",🗝 1: Лабиринт,8,1,false,Элемент,🧩 🧳 🚧 Ключ
Открытие двери ключом при соприкосновении,1,"Инвентарь,Препятствие","↑ Ключ автоматически используется, когда игрок подходит к соответствующей двери",🗝 1: Лабиринт,5,1,false,Свойство,🌀 🧳 🚧 Открытие двери ключом при соприкосновении
Ручное использование ключа,1,"Инвентарь,Препятствие","↑ Ключ не используется автоматически, его нужно активировать/выбирать вручную",🗝 1: Лабиринт,0,1,false,Свойство,🌀 🧳 🚧 Ручное использование ключа
Удалённое открытие двери ключом,1,"Инвентарь,Препятствие",↑ Ключ может быть активирован на расстоянии (не обязательно подходить к двери вплотную),🗝 1: Лабиринт,0,1,false,Свойство,🌀 🧳 🚧 Удалённое открытие двери ключом
Бомбочка (с отложенным взрывом),1,Инвентарь,"Через некоторое время после активации взрывается, захватывая некоторую область","💰 4: Lode Runner,💣 8: Bomberman",1,1,false,Элемент,🧩 🧳 Бомбочка (с отложенным взрывом)
След от взрыва бомбочки,1,"Прочие,Инвентарь","Некоторое время после взрыва может отображаться и быть опасным, но потом исчезает",💣 8: Bomberman,2,1,false,Элемент,🧩 ⛓ 🧳 След от взрыва бомбочки
Взрывание на некоторой области,1,Инвентарь,↑ свойство бомбочки,"💰 4: Lode Runner,💣 8: Bomberman",2,1,false,Свойство,🌀 🧳 Взрывание на некоторой области
Таймер обратного отсчёта на бомбочке,1,Инвентарь,Отрисовка таймера обратного отсчёта на бомбочке (оставшееся время до взрыва),💣 8: Bomberman,0,1,false,Интерфейс,✏️ 🧳 Таймер обратного отсчёта на бомбочке
Верёвочная ловушка,1,Инвентарь,"Если поставить, то на ней может пойматься противник (при этом он не умирает, а “висит” на ней, и тем самым не появляется снова в точке респауна).\nОпционально можно реализовать, что и игрок также может “попасться” на этом элементе.",💰 4: Lode Runner,0,1,false,Элемент,🧩 🧳 Верёвочная ловушка
Ловушка для противника (становится неактивным),1,Инвентарь,↑ свойство верёвочной ловушки,💰 4: Lode Runner,0,1,false,Свойство,🌀 🧳 Ловушка для противника (становится неактивным)
Дрель,1,Инвентарь,Может пробивать любые стены вниз,💰 4: Lode Runner,0,1,false,Элемент,🧩 🧳 Дрель
Уничтожение стен под игроком (с помощью дрели),1,Инвентарь,↑ свойство дрели,💰 4: Lode Runner,0,1,false,Свойство,🌀 🧳 Уничтожение стен под игроком (с помощью дрели)
Газовый пистолет,1,Инвентарь,"Идея взята из Lode Runner (Legend Returns):\nНекоторая область временно покрывается газовым облаком ↓ при этом противники, находящиеся в нём или попадающие в него — временно дизориентируются ↓",💰 4: Lode Runner,0,1,false,Элемент,🧩 🧳 Газовый пистолет
Газовое облако,1,Инвентарь,"↑ элемент, появляющийся из газового пистолета",💰 4: Lode Runner,0,1,false,Элемент,🧩 🧳 Газовое облако
Временная дизориентация противника,1,Инвентарь,↑ свойство газового пистолета,💰 4: Lode Runner,0,1,false,Свойство,🌀 🧳 Временная дизориентация противника
Банка с клеем,1,Инвентарь,"Идея взята из Lode Runner (Legend Returns):\nМожно разлить банку с клеем на несколько клеток вперёд, и тогда перемещение по ним будет замедленным (как для противников, так и для игрока)",💰 4: Lode Runner,0,1,false,Элемент,🧩 🧳 Банка с клеем
Клетка с клеем,1,Инвентарь,"↑ элемент, появляющийся с помощью банки с клеем",💰 4: Lode Runner,0,1,false,Элемент,🧩 🧳 Клетка с клеем
Замедление движение по клетке,1,"Инвентарь,Движение",Игрок или мяч замедляет своё движение пока находится на этой клетке,💰 4: Lode Runner,0,1,false,Свойство,🌀 🧳 ➡️ Замедление движение по клетке
Кирка,1,Инвентарь,Идея взята из Lode Runner (Legend Returns):\nПри использовании кирки игрок может создать препятствие из камней с «потолка»,💰 4: Lode Runner,0,1,false,Элемент,🧩 🧳 Кирка
Создание препятствия из камней,1,Инвентарь,↑ свойство элемента (создание препятствия),💰 4: Lode Runner,0,1,false,Свойство,🌀 🧳 Создание препятствия из камней
Препятствие из камней,1,Инвентарь,↑ создаётся киркой,,0,1,false,Элемент,🧩 🧳 Препятствие из камней
Бонусы/антибонусы расставляются случайным образом в начале игры,1,"Бонус,Анти-бонус",,,3,1,false,Свойство,🌀 ➕ ➖ Бонусы/антибонусы расставляются случайным образом в начале игры
Бонусы/антибонусы появляются на поле время от времени,1,"Бонус,Анти-бонус",,💥 5: Battle City,0,1,false,Свойство,🌀 ➕ ➖ Бонусы/антибонусы появляются на поле время от времени
Бонусы/антибонусы появляются во время взрыва препятствия,1,"Бонус,Анти-бонус",То есть могут появиться с определённой вероятностью,💣 8: Bomberman,1,1,false,Свойство,🌀 ➕ ➖ Бонусы/антибонусы появляются во время взрыва препятствия
Бонусы/антибонусы появляются по мере достижения определённых этапов или позиций игры,1,"Бонус,Анти-бонус","Например, новые бонусы (или виды бонусов) появляются спустя некоторое время, или пройдя определённую часть карты, или собрав определённое количество очков и т.п.\nОпишите в отчёте, как именно реализовали вы :)",,0,1,false,Свойство,🌀 ➕ ➖ Бонусы/антибонусы появляются по мере достижения определённых этапов или позиций игры
Бонусы/антибонусы перемещаются по карте,1,"Бонус,Анти-бонус",,,0,1,false,Свойство,🌀 ➕ ➖ Бонусы/антибонусы перемещаются по карте
Дополнительная жизнь,1,Бонус,,💣 8: Bomberman,1,1,false,Элемент,🧩 ➕ Дополнительная жизнь
Уменьшение жизней,1,Анти-бонус,,,6,1,false,Элемент,🧩 ➖ Уменьшение жизней
Изменение количества жизней,1,"Бонус,Анти-бонус",Изменение количества жизней у игрока (плюс или минус),,5,1,false,Свойство,🌀 ➕ ➖ Изменение количества жизней
Дополнительные патроны или боезапас,1,Бонус,,,0,1,false,Элемент,🧩 ➕ Дополнительные патроны или боезапас
Уменьшение патронов или боезапаса,1,Анти-бонус,,,0,1,false,Элемент,🧩 ➖ Уменьшение патронов или боезапаса
Изменение количества патронов или боезапаса,1,"Бонус,Анти-бонус",Плюс или минус,,0,1,false,Свойство,🌀 ➕ ➖ Изменение количества патронов или боезапаса
Улучшение выстрелов или взрывов,1,Бонус,,"💥 5: Battle City,💣 8: Bomberman",1,1,false,Элемент,🧩 ➕ Улучшение выстрелов или взрывов
Ухудшение выстрелов или взрывов,1,Анти-бонус,,,0,1,false,Элемент,🧩 ➖ Ухудшение выстрелов или взрывов
Изменение выстрелов или взрывов,1,"Бонус,Анти-бонус",,,1,1,false,Свойство,🌀 ➕ ➖ Изменение выстрелов или взрывов
Ускорение игрока,1,Бонус,,💣 8: Bomberman,2,1,false,Элемент,🧩 ➕ Ускорение игрока
Замедление игрока,1,Анти-бонус,,,0,1,false,Элемент,🧩 ➖ Замедление игрока
Изменение скорости перемещения игрока,1,"Движение,Бонус,Анти-бонус",Изменение скорости перемещения игрока,🧿 3: New Ball Game,2,1,false,Свойство,🌀 ➡️ ➕ ➖ Изменение скорости перемещения игрока
"Дополнительное время (например, на прохождение уровня)",1,Бонус,,,0,1,false,Элемент,"🧩 ➕ Дополнительное время (например, на прохождение уровня)"
Уменьшение оставшегося времени,1,Анти-бонус,,,0,1,false,Элемент,🧩 ➖ Уменьшение оставшегося времени
Изменение оставшегося времени,1,Бонус,,,0,1,false,Свойство,🌀 ➕ Изменение оставшегося времени
Замедление противников (на некоторое время),1,Бонус,,,0,1,false,Элемент,🧩 ➕ Замедление противников (на некоторое время)
Ускорение противников (на некоторое время),1,Анти-бонус,,,0,1,false,Элемент,🧩 ➖ Ускорение противников (на некоторое время)
Изменение скорости противников (на некоторое время),1,Бонус,,,0,1,false,Свойство,🌀 ➕ Изменение скорости противников (на некоторое время)
Дополнительные бомбочки,1,Бонус,,"💰 4: Lode Runner,💣 8: Bomberman",1,1,false,Элемент,🧩 ➕ Дополнительные бомбочки
Уменьшение бомбочек,1,Анти-бонус,,,0,1,false,Элемент,🧩 ➖ Уменьшение бомбочек
Изменение количества бомбочек,1,Бонус,,,1,1,false,Свойство,🌀 ➕ Изменение количества бомбочек
Улучшение прочности/бронированности игрока,1,Бонус,,💥 5: Battle City,2,1,false,Элемент,🧩 ➕ Улучшение прочности/бронированности игрока
Ухудшение прочности/бронированности,1,Анти-бонус,,,0,1,false,Элемент,🧩 ➖ Ухудшение прочности/бронированности
Изменение бронированности игрока,1,Бонус,,,1,1,false,Свойство,🌀 ➕ Изменение бронированности игрока
Дополнительные очки (бонус),1,Бонус,,,1,1,false,Элемент,🧩 ➕ Дополнительные очки (бонус)
Уменьшение очков,1,Анти-бонус,,,0,1,false,Элемент,🧩 ➖ Уменьшение очков
Изменение количества очков (score),1,"Приз,Бонус,Анти-бонус",Добавление или уменьшение некоторого количества очков (score) у текущего результата игрока,,8,1,false,Свойство,🌀 💰 ➕ ➖ Изменение количества очков (score)
Временная неуязвимость,2,Бонус,В некотором смысле временное бессмертие,"💥 5: Battle City,💣 8: Bomberman",1,2,false,Элемент,🧩 ➕ Временная неуязвимость
Бронирование «базы»,2,Бонус,"Идея взята из игры Battle City (“Танчики”): временное бронирование клеток, окружающих базу",💥 5: Battle City,0,2,false,Элемент,🧩 ➕ Бронирование «базы»
Проходимость сквозь стены (временная),2,Бонус,,,0,2,false,Элемент,🧩 ➕ Проходимость сквозь стены (временная)
Уничтожение всех противников (но потом могут появиться новые),2,Бонус,,💥 5: Battle City,0,2,false,Элемент,🧩 ➕ Уничтожение всех противников (но потом могут появиться новые)
Остановка движения противников (на некоторое время),2,Бонус,,💥 5: Battle City,0,2,false,Элемент,🧩 ➕ Остановка движения противников (на некоторое время)
Временная дезориентация (курсорные клавиши меняются),2,Анти-бонус,,,1,2,false,Элемент,🧩 ➖ Временная дезориентация (курсорные клавиши меняются)
"Случайный приз (не известно, что он значит, пока не собрать его)",1,Бонус,,,0,1,false,Элемент,"🧩 ➕ Случайный приз (не известно, что он значит, пока не собрать его)"
Случайный анти-бонус (один из возможных),1,Анти-бонус,,,0,1,false,Элемент,🧩 ➖ Случайный анти-бонус (один из возможных)
Выбор случайного бонуса или анти-бонуса,1,Бонус,,,0,1,false,Свойство,🌀 ➕ Выбор случайного бонуса или анти-бонуса
Расширяющийся элемент (субстанция),1,Расширение,"Элемент, который время от времени распространяется (дублируется) на соседние клетки.\nЕсли у вас несколько типов этих элементов — создавайте для каждого из них это задание","💎 2: Boulder Dash,🧿 3: New Ball Game",0,1,false,Элемент,🧩 🦠 Расширяющийся элемент (субстанция)
Расширение элемента на соседние свободные клетки,2,Расширение,↑ Свойство расширяющегося элемента,,0,2,false,Свойство,🌀 🦠 Расширение элемента на соседние свободные клетки
Проходимая субстанция,1,Расширение,Проходимая субстанция (шарик или игрок или выстрелы проходят сквозь неё),🧿 3: New Ball Game,0,1,false,Свойство,🌀 🦠 Проходимая субстанция
Непроходимая и неуничтожимая субстанция,1,Расширение,"Сквозь субстанцию нельзя пройти, но её можно уничтожать",,1,1,false,Свойство,🌀 🦠 Непроходимая и неуничтожимая субстанция
"Непроходимая, но уничтожимая субстанция",1,Расширение,,,0,1,false,Свойство,"🌀 🦠 Непроходимая, но уничтожимая субстанция"
Ядовитая субстанция,1,Расширение,Соприкосновение смертельно для игрока,,1,1,false,Свойство,🌀 🦠 Ядовитая субстанция
"Если субстанция не может дальше расширяться, она превращается в кристаллы или монеты",1,Расширение,,💎 2: Boulder Dash,0,1,false,Свойство,"🌀 🦠 Если субстанция не может дальше расширяться, она превращается в кристаллы или монеты"
"Если субстанция не может дальше расширяться, она превращается в камни",1,Расширение,,💎 2: Boulder Dash,0,1,false,Свойство,"🌀 🦠 Если субстанция не может дальше расширяться, она превращается в камни"
Обязательный приз,1,Приз,"Чтобы пройти уровень, нужно обязательно все призы","💰 4: Lode Runner,👻 9: Pac-Man",8,1,false,Элемент,🧩 💰 Обязательный приз
Победа при получении определённого количества очков,1,"Финиш,Приз","Игрок побеждает, когда соберёт определённое количество очков",,6,1,false,Свойство,🌀 🏁 💰 Победа при получении определённого количества очков
Необязательный приз,1,Приз,Приз просто дающий дополнительные очки (score),,10,1,false,Элемент,🧩 💰 Необязательный приз
Лёд,2,Прочие,На нём происходит скольжение игрока и противников\nТо есть небольшое движение вперёд по инерции,💥 5: Battle City,0,2,false,Элемент,🧩 ⛓ Лёд
Динамит,1,Прочие,"Если двинуть камень на него, то он взрывается\nМожно придумать другие способы детонации",,0,1,false,Элемент,🧩 ⛓ Динамит
Взрыв элемента при соприкосновении с другим элементов,1,Прочие,↑ свойство динамита,,1,1,false,Свойство,🌀 ⛓ Взрыв элемента при соприкосновении с другим элементов
Энерджайзер,2,Прочие,При его собирании противники временно начинают убегать от нас,👻 9: Pac-Man,1,2,false,Элемент,🧩 ⛓ Энерджайзер
Неподвижные ловушки,1,Противник,"Игрок погибает, когда попадает в них (или теряет жизни и т.п.)","🧿 3: New Ball Game,🏂 7: Inertia",11,1,false,Элемент,🧩 🤖 Неподвижные ловушки
Подвижный противник,1,Противник,Противник перемещается по карте\nЕсли у вас несколько видов противника — создавайте (дублируйте) для каждого из них это задание,,17,1,false,Элемент,🧩 🤖 Подвижный противник
Лес,2,Прочие,В зарослях леса почти не видно игрока и противников (визуально),💥 5: Battle City,0,2,false,Элемент,🧩 ⛓ Лес
Точка сохранения,2,Прочие,Когда игрок погибает он может продолжить игру с этой точки,,0,2,false,Элемент,🧩 ⛓ Точка сохранения
Пряталка,2,Прочие,В этой клетке можно спрятаться от врагов (при этом они потеряют вас из виду и будут проходить мимо),💰 4: Lode Runner,0,2,false,Элемент,🧩 ⛓ Пряталка
Преобразователь камней в кристалы,2,Прочие,"Идея игрового элемента взята из Boulder Dash\nКогда камни падают на него сверху, то они превращаются в кристаллы и падают дальше вниз",💎 2: Boulder Dash,0,2,false,Элемент,🧩 ⛓ Преобразователь камней в кристалы
Частично-обязательный приз,1,Приз,"Чтобы пройти уровень, нужно собрать определенное количество призов (не обязательно все), остальные призы (сверх этого количества) просто дают дополнительные очки",💎 2: Boulder Dash,0,1,false,Элемент,🧩 💰 Частично-обязательный приз
Призы перемещаются по карте,1,Приз,,👻 9: Pac-Man,0,1,false,Свойство,🌀 💰 Призы перемещаются по карте
Камни,1,Препятствие,"Особый “перемещаемый” вид препятствий.\nМогут падают вниз, могут перемещаться игроком, могут убить игрока, если упадут на него",💎 2: Boulder Dash,7,1,false,Элемент,🧩 🚧 Камни
Раскол камней при падении с большой высоты,1,Препятствие,"Например, если высота при падении была слишком большой, то камень исчезает с карты",,0,1,false,Свойство,🌀 🚧 Раскол камней при падении с большой высоты
Гравитация (базовый вариант),1,Препятствие,Падение вниз для элементов (изначально в рамках игры Boulder Dash это касалось камней и кристаллов),💎 2: Boulder Dash,5,1,false,Свойство,🌀 🚧 Гравитация (базовый вариант)
Плавная гравитация,1,Препятствие,"↑ Дополнение к заданию 🌀 🚧 Гравитация (базовый вариант): падение должно быть не мгновенным, а плавным (чтобы был виден процесс падения)\nВыбирайте оба эти задания, чтобы получить в итоге суммарно 2 балла за хорошую гравитацию",💎 2: Boulder Dash,4,1,false,Свойство,🌀 🚧 Плавная гравитация
Перемещаемость элемента,1,Препятствие,"Изначально касалось камней в рамках игры Boulder Dash, но может быть распространено и на некоторые другие элементы",💎 2: Boulder Dash,4,1,false,Свойство,🌀 🚧 Перемещаемость элемента
Лестница,2,Прочие,Для возможности перемещения по ней по вертикали,💰 4: Lode Runner,3,2,false,Элемент,🧩 ⛓ Лестница
Изменение иконки игрока на лестнице,1,Прочие,,,1,1,false,Свойство,🌀 ⛓ Изменение иконки игрока на лестнице
Натянутая веревка,2,Прочие,Для возможности перемещения по ней по горизонтали,💰 4: Lode Runner,0,2,false,Элемент,🧩 ⛓ Натянутая веревка
Изменение иконки игрока на натянутой верёвке,1,Прочие,,,0,1,false,Свойство,🌀 ⛓ Изменение иконки игрока на натянутой верёвке
База,2,Прочие,Идея взята из игры “Танчики” (Battle City)\nЭтот игровой элемент надо защищать от противников,💥 5: Battle City,1,2,false,Элемент,🧩 ⛓ База
Невидимая мина,2,Прочие,"Идея взята из игры Mined-Out (или Сапёр)\nНевидимая мина, которую можно определять находясь рядом (количество мин в соседних клетках)",🧨 6: Mined-Out,0,2,false,Элемент,🧩 ⛓ Невидимая мина
Случайное перемещение,1,Противник,Противник перемещается в случайную соседнюю клетку,,4,1,false,Свойство,🌀 🤖 Случайное перемещение
Простое движение,1,Противник,"Например, движется по кругу или просто вперёд-назад и т.п.",,4,1,false,Свойство,🌀 🤖 Простое движение
Движение по периметру,1,Противник,"Например, всегда поворачивает вправо, когда встречает препятствие, или всегда идёт вдоль стены и т.п.",💎 2: Boulder Dash,3,1,false,Свойство,🌀 🤖 Движение по периметру
Может проходить сквозь стены,1,Противник,,💣 8: Bomberman,1,1,false,Свойство,🌀 🤖 Может проходить сквозь стены
Повторяет за игроком его ходы,1,Противник,,🧨 6: Mined-Out,1,1,false,Свойство,🌀 🤖 Повторяет за игроком его ходы
Скорость перемещения выше игрока,1,Противник,,,3,1,false,Свойство,🌀 🤖 Скорость перемещения выше игрока
Скорость перемещения ниже игрока,1,Противник,,,7,1,false,Свойство,🌀 🤖 Скорость перемещения ниже игрока
Скорость перемещения меняется,1,Противник,,,5,1,false,Свойство,🌀 🤖 Скорость перемещения меняется
Появление новых противников случайным образом,1,Противник,,,1,1,false,Свойство,🌀 🤖 Появление новых противников случайным образом
Появление новых противников по определённому алгоритму,1,Противник,,💥 5: Battle City,0,1,false,Свойство,🌀 🤖 Появление новых противников по определённому алгоритму
Появление убитых противников на точках респауна,1,Противник,,"💰 4: Lode Runner,👻 9: Pac-Man",0,1,false,Свойство,🌀 🤖 Появление убитых противников на точках респауна
Противники стреляют на расстоянии,2,Противник,,💥 5: Battle City,2,2,false,Свойство,🌀 🤖 Противники стреляют на расстоянии
Противник атакует находясь рядом,1,Противник,(соседнюю клетку),,4,1,false,Свойство,🌀 🤖 Противник атакует находясь рядом
"Противник атакует, занимая клетку игрока",1,Противник,,"💰 4: Lode Runner,💣 8: Bomberman,👻 9: Pac-Man",6,1,false,Свойство,"🌀 🤖 Противник атакует, занимая клетку игрока"
Возможность стрельбы для игрока,1,Игрок,"В самом простом виде это может быть хотя бы “мгновенный выстрел”, когда пуля достигает цели сразу.\nЕсли же сделаете плавный полёт пули берите себе в отчёт ещё пару заданий ниже ↓",💥 5: Battle City,0,1,false,Свойство,🌀 🏃🏻‍♂️ Возможность стрельбы для игрока
Пуля,1,Игрок,"Летящий снаряд, запускаемый игроком при стрельбе",💥 5: Battle City,1,1,false,Элемент,🧩 🏃🏻‍♂️ Пуля
Постепенный полёт пули,1,Игрок,Постепенное движение летящего снаряда пока он не достигнет цели,💥 5: Battle City,1,1,false,Свойство,🌀 🏃🏻‍♂️ Постепенный полёт пули
Противник при своём уничтожении превращается в кристаллы,1,Противник,,💎 2: Boulder Dash,1,1,false,Свойство,🌀 🤖 Противник при своём уничтожении превращается в кристаллы
Разная прочность у разных противников,1,Противник,,💥 5: Battle City,2,1,false,Свойство,🌀 🤖 Разная прочность у разных противников
Наивный противник,2,Противник,"Противник двигается навстречу игроку, но при этом не учитывает наличие препятствий (то есть может упереться в преграду и “тупить”)",,3,2,false,Свойство,🌀 🤖 Наивный противник
Умный противник,4,Противник,"Некоторый алгоритм поведения, обычно зависящий от игрока (например, для движения к игроку можно использовать волновой алгоритм с учётом препятствий и т.п.)\nВ зависимости от сложности алгоритма количество монет может быть увеличено/уменьшено",,7,4,false,Алгоритм,⚛️ 🤖 Умный противник
Интеллектуальный противник,8,Противник,"Нечто более сложное и интересное, чем просто ""умный"" противник.\nНапример, он может как-то анализировать поведение игрока, или двигаться наперехват, или предугадывать его действия, или устраивать ловушки, или ждать в ключевых точках если нужно и т.п.\nВ зависимости от сложности алгоритма количество монет может быть увеличено/уменьшено",,3,8,false,Алгоритм,⚛️ 🤖 Интеллектуальный противник
Противник может собирать призы или монетки,1,Противник,Противник может собирать призы или монетки,💰 4: Lode Runner,1,1,false,Свойство,🌀 🤖 Противник может собирать призы или монетки
Противник отдаёт монеты при погибании,1,Противник,↑ при этом при уничтожении противника он их “отдаёт”,💰 4: Lode Runner,0,1,false,Свойство,🌀 🤖 Противник отдаёт монеты при погибании
Противник иногда выбрасывает монеты,1,Противник,"↑ просто выбрасывает иногда собранные монеты в случайных местах, тем самым как бы перемещая их по карте",💰 4: Lode Runner,0,1,false,Свойство,🌀 🤖 Противник иногда выбрасывает монеты
Противник может использовать инвентарь игрока,4,Противник,"Те элементы, которые игрок может собирать в свой инвентарь — может собирать и противник, а также он может использовать их против игрока\nВ зависимости от сложности алгоритма количество монет может быть увеличено/уменьшено",,0,4,false,Свойство,🌀 🤖 Противник может использовать инвентарь игрока
Усложнённая генерация уровней,4,Уровни,"Особые алгоритмы генерации задающие принципы генерации (например, особые случайные области с элементами, или расстановка ключей и дверей, или случайная генерация лабиринта и т.п.), то есть не только обычный банальный рандом",,7,4,false,Алгоритм,⚛️ 🎛 Усложнённая генерация уровней
Интеллектуальная генерация уровней,8,Уровни,"Например, использование особых шаблонов, формирование сложных схем, хитрые алгоритмы, и в итоге уровни получаются красиво/интересно выглядящими (как будто человек мог их так придумать/продумать) или их прохождение требует определённой заложенной алгоритмом “смекалки” и т.п.\nВ зависимости от сложности алгоритмов количество монет может быть увеличено или уменьшено",,3,8,false,Алгоритм,⚛️ 🎛 Интеллектуальная генерация уровней
Проверка проходимости уровня,4,Уровни,"Нечто более или менее базовое, например, проверка наличия пути до выхода, возможности собрать все призы и т.п.",,3,4,false,Алгоритм,⚛️ 🎛 Проверка проходимости уровня
Особая проверка проходимости уровня,8,Уровни,"Дополнительные проверки, использующие особенности игровой механики для прохождения уровня (например, перемещение камней, использование инвентаря, учёт поведения противников и т.п.)\nВ зависимости от сложности алгоритмов количество монет может быть увеличено или уменьшено",,0,8,false,Алгоритм,⚛️ 🎛 Особая проверка проходимости уровня
Подсказка для прохождения уровня,4,Уровни,"Опциональная подсказка или режим игры с постоянными подсказками: какой сделать следующий шаг или несколько шагов, чтобы в итоге победить\nВ зависимости от сложности алгоритмов количество монет может быть увеличено или уменьшено",,1,4,false,Алгоритм,⚛️ 🎛 Подсказка для прохождения уровня
Эмуляция прохождения уровня (без алгоритма),3,Уровни,Просто захардкодженные действия (как бы визуально ходим вместо игрока),,0,3,false,Интерфейс,✏️ 🎛 Эмуляция прохождения уровня (без алгоритма)
Эмуляция прохождения уровня (алгоритм),4,Уровни,Расчёт оптимального маршрута и далее визуально ходим вместо игрока\nВ зависимости от сложности алгоритмов количество монет может быть увеличено или уменьшено,,1,4,false,Алгоритм,⚛️ 🎛 Эмуляция прохождения уровня (алгоритм)
Сохранение текущего состояния игры,2,Уровни,И в дальнейшем можно загрузиться и продолжить,,3,2,false,Разное,⭕️ 🎛 Сохранение текущего состояния игры
Редактор уровней,8,Уровни,"Это явно золотое задание, но лучше будет его разбить на несколько заданий поменьше, т.к. реализация может очень сильно отличаться...",,9,8,false,Разное,⭕️ 🎛 Редактор уровней
,,Уровни,,,0,,true,, 🎛  🆑
Инструкция к игре,1,Меню,,,22,1,false,Интерфейс,✏️ 🎹 Инструкция к игре
Выкапывание ямы рядом,1,"Игрок,Препятствие",Возможность уничтожать кирпичную стену рядом с игроком (вниз по диагонали: слева или справа),💰 4: Lode Runner,2,1,false,Свойство,🌀 🏃🏻‍♂️ 🚧 Выкапывание ямы рядом
Уничтожение стены рядом,1,"Игрок,Препятствие","Возможность игрока уничтожать стены. Либо, в любом направлении, либо рядом, либо внизу ー укажите в отчёте, что именно реализовали",,2,1,false,Свойство,🌀 🏃🏻‍♂️ 🚧 Уничтожение стены рядом
Настройка громкости,1,Настройки,Регулирование громкости фоновой музыки/звуков,,7,1,false,Интерфейс,✏️ ⚙️ Настройка громкости
Сорняки,2,,"Игрок может ""скосить"" сорняки только подойдя справа/слева (т.е просто спрыгнув Вы от них не избавитесь). Обязательные.",,0,2,false,Элемент,🧩  Сорняки
"Анимация переходов между ""окнами""",1,Интерфейс,Анимация загрузки между скрытием окна меню и прогрузкой игровой карты,Почти во всех играх,0,1,false,Интерфейс,"✏️ 🎨 Анимация переходов между ""окнами"""
"Проигрыш, когда у игрока заканчиваются жизни",1,Финиш,,,15,1,false,Свойство,"🌀 🏁 Проигрыш, когда у игрока заканчиваются жизни"
"Проигрыш, когда у игрока заканчивается отведённое время",1,Финиш,,,2,1,false,Свойство,"🌀 🏁 Проигрыш, когда у игрока заканчивается отведённое время"
Создание стены в потолке,2,,Игрок вручную восстанавливает разрушенную стену.,,0,2,false,Свойство,🌀  Создание стены в потолке
Разные иконки направлений противника,1,Противник,"В зависимости от того, куда направлен противник ー будет и отображается разная иконка для него",,4,1,false,Интерфейс,✏️ 🤖 Разные иконки направлений противника
Использование карты в виде “тора” при движении,1,Противник,,,3,1,false,Свойство,🌀 🤖 Использование карты в виде “тора” при движении
Выбор уровня или сложности игры,1,Меню,,,18,1,false,Интерфейс,✏️ 🎹 Выбор уровня или сложности игры
Мина для врагов,2,,,,0,2,false,Элемент,🧩  Мина для врагов
Выбор игрока,1,Меню,"Например, возможность смены игрока с его настройками (к примеру, скорость и стиль игры, или последняя карта, на которой играл игрок, и т.п.)",,3,1,false,Интерфейс,✏️ 🎹 Выбор игрока
Выбор стиля (темы) игры,2,Настройки,"Например, выбор между разными наборами символов для отображения в консольной игре (и аналогично для GUI)",,1,2,false,Интерфейс,✏️ ⚙️ Выбор стиля (темы) игры
Регулировка скорости игры,1,Настройки,Как быстро будут происходить все события в игре,,3,1,false,Интерфейс,✏️ ⚙️ Регулировка скорости игры
Бустер,2,,"(Специальная возможность игрока влючить режим Энерджайзера где-угодно и когда-угодно, что бы спастись от врагов. Когда время действия бустера оканчивается клавиши управления инвертированы на время)",,0,2,false,,  Бустер
Заставка поражения,1,Интерфейс,,Почти во всех играх,24,1,false,Интерфейс,✏️ 🎨 Заставка поражения
Заставка победы,1,Интерфейс,,Почти во всех играх,24,1,false,Интерфейс,✏️ 🎨 Заставка победы
Лимит бомбочек на уровень,1,,,💣 8: Bomberman,0,1,false,Свойство,🌀  Лимит бомбочек на уровень
Шипы (появляются и пропадают на клетке),1,Противник,,,1,1,false,Элемент,🧩 🤖 Шипы (появляются и пропадают на клетке)
Появление и исчезновение шипов время от времени,1,Противник,,,1,1,false,Свойство,🌀 🤖 Появление и исчезновение шипов время от времени
Осколок мины,2,Бонус,"(при наступании на мину она взрывается, оставляя в случайном месте карты осколок, собрав несколько штук которых игрок сможет видеть все мины на поле)",,0,2,false,Элемент,🧩 ➕ Осколок мины
Капкан,1,Препятствие,При наступании на капкан игрок не может двигаться в течение нескольких шагов (то есть совершает определенное количество безуспешных попыток хода),,0,1,false,Элемент,🧩 🚧 Капкан
Блокировка движения на N шагов,1,Препятствие,Свойство для элемента выше (🧩 🚧 Капкан ) ↑,,0,1,false,Свойство,🌀 🚧 Блокировка движения на N шагов
Блокировка движения на N секунд,1,Препятствие,Вариация свойства для элемента выше (🧩 🚧 Капкан ) ↑,,0,1,false,Свойство,🌀 🚧 Блокировка движения на N секунд
Ослепитель игрока,2,Анти-бонус,"(если подобрать этот антиприз то на определенное количество ходов игрок ""ослепнет"" (поле станет черным), но все клетки которые уже слепой игрок пройдёт, он будет видеть даже во время слепоты (т.к. он туда сходил, то теперь помнит что там)",,0,2,false,Элемент,🧩 ➖ Ослепитель игрока
Неизменяемая инерция движения игрока (анти-бонус),1,Анти-бонус,"Автоматическое движение игрока в определённом направлении (без возможности его изменить), пока он не встретится с преградой, точкой остановки и прочими игровыми элементами",,0,1,false,Свойство,🌀 ➖ Неизменяемая инерция движения игрока (анти-бонус)
Изменяемая инерция движения игрока (анти-бонус),1,Анти-бонус,"Автоматическое движение игрока в определённом направлении, но с возможностью изменить направление движения в любой момент",,0,1,false,Свойство,🌀 ➖ Изменяемая инерция движения игрока (анти-бонус)
Отображение текущих эффектов на персонаже,1,Анти-бонус,"Возле персонажа отображаются иконки, соответствущие эффектам на этом персонаже(игроке или противнике)",,0,1,true,Свойство,🌀 ➖ Отображение текущих эффектов на персонаже
Немота,1,Анти-бонус,Запрет персонажу(игроку или противнику) использовать способности,,0,1,true,Свойство,🌀 ➖ Немота
"Курсор принимает вид ""активного"" элемента",1,Игрок,"Курсор динамически принимает вид активного элемента, т.е. при смене элемента (к примеру, с помощью клавиши или колеса мышки) курсор принимает вид нового элемента, который установится на поле при клике пользователя",🧿 3: New Ball Game,0,1,false,Интерфейс,"✏️ 🏃🏻‍♂️ Курсор принимает вид ""активного"" элемента"
Установка щита для мячика,1,Игрок,"Основное игровое управление в New Ball Game\nУстановка на поле диагонального щита, от которого будет отбиваться мячик, меняя своё направление движения",🧿 3: New Ball Game,2,1,false,Свойство,🌀 🏃🏻‍♂️ Установка щита для мячика
Случайное появление фрукта (змейка),2,,,🐍 10: Змейка,0,2,false,Свойство,🌀  Случайное появление фрукта (змейка)
Возможность “сдаться”: выход из игры и проигрыш,1,Финиш,"Например, при нажатии определённой кнопки или выборе пункта в меню",,12,1,false,Свойство,🌀 🏁 Возможность “сдаться”: выход из игры и проигрыш
Управление с помощью мыши (3-я лаба),2,3-я лаба (todo),,,0,2,false,,  Управление с помощью мыши (3-я лаба)
Использоование изображений,1,3-я лаба (todo),,,0,1,false,,  Использоование изображений
Использование изображений игровых элементов из ресурсов,1,3-я лаба (todo),,,0,1,false,,  Использование изображений игровых элементов из ресурсов
Использование всех игровых элементов из консольной версии,,3-я лаба (todo),,,0,,false,,  Использование всех игровых элементов из консольной версии 🆑
Качественная отрисовка,,3-я лаба (todo),,,0,,false,,  Качественная отрисовка 🆑
Элементы управления,,3-я лаба (todo),,,0,,false,,  Элементы управления 🆑
Блок для отображения информации,½,Интерфейс,"Например, жизни игрока, результаты, время т.п.",,19,0.5,false,Интерфейс,✏️ 🎨 Блок для отображения информации
Использование базы данных,2,Фичи,,,3,2,false,Разное,⭕️ ⭐️ Использование базы данных
Возможность играть вдвоём,3,Фичи,"Подразумевается на одном компьютере, например, разными сочетаниями клавиш для разных игроков",,2,3,false,Разное,⭕️ ⭐️ Возможность играть вдвоём
Возможность играть по сети,12,Фичи,,,0,12,false,Разное,⭕️ ⭐️ Возможность играть по сети
,,Расширение,,,0,,true,, 🦠  🆑
Выбор пункта меню курсорными клавишами,1,Меню,,,9,1,false,Интерфейс,✏️ 🎹 Выбор пункта меню курсорными клавишами
Выделение активного пункта меню,1,Меню,"Например, фоновым цветом",,14,1,false,Интерфейс,✏️ 🎹 Выделение активного пункта меню
Диалог с пользователем: при попытке очистить результаты игр,1,Меню,,,2,1,true,Интерфейс,✏️ 🎹 Диалог с пользователем: при попытке очистить результаты игр
Пауза,1,Меню,Возможность ставить игру на паузу.,,2,1,true,Интерфейс,✏️ 🎹 Пауза
Дополнительные возможности в паузе,½,Меню,"Возможность выйти в главное меню, в настройки или из игры.\nИспользовать вместе с заданием “Пауза”",,1,0.5,true,Интерфейс,✏️ 🎹 Дополнительные возможности в паузе
Косметическая анимация,1,Меню,"Подразумевает какой-то косметический алгоритм, который работает на “фоне” в главном меню (или пуазе и тд.) и необходим исключительно для того, чтоб как-то “оживить” картинку, к примеру в Battle City - постоянно катающийся на фоне танк в главном меню.",💥 5: Battle City,2,1,true,Интерфейс,✏️ 🎹 Косметическая анимация
Координаты игрока,½,Интерфейс,В режиме реального времени на экране отображаются координаты игрока на игровом поле,Почти во всех играх,11,0.5,true,Интерфейс,✏️ 🎨 Координаты игрока
Отображение результата проверки на тупик,½,Интерфейс,В режиме реального времени на экране отображаются результат проверки на тупик,Почти во всех играх,1,0.5,true,Интерфейс,✏️ 🎨 Отображение результата проверки на тупик
Количество шагов игрока,½,Интерфейс,"Отображение количества шагов, который прошел игрок в течении игровой сессии в режиме реального времени",Почти во всех играх,5,0.5,true,Интерфейс,✏️ 🎨 Количество шагов игрока
Количество шагов игрока,1,Движение,"Игра подсчитывает количество шагов, который прошел игрок в течении игровой сессии в режиме реального времени",Почти во всех играх,3,1,true,Свойство,🌀 ➡️ Количество шагов игрока
Радар-детектор,3,Фичи,"Показывает расстояние до ближайшего алмаза (предмета, который нужно собрать, противника и т.д.)",Почти во всех играх,1,3,true,Алгоритм,⚛️ ⭐️ Радар-детектор
Возможность настройки параметров формы игроком,1,Фичи,"С помощью настроек можно менять параметры формы (опишите, какие именно), например, размер, масштаб и т.д.",Почти во всех играх,1,1,true,Интерфейс,✏️ ⭐️ Возможность настройки параметров формы игроком
Изменение масштаба игровых элементов,1,Фичи,В GUI версии игры можно менять масштаб игровых элементов,Почти во всех играх,0,1,true,Интерфейс,✏️ ⭐️ Изменение масштаба игровых элементов
Миникарта,2,Фичи,В одном из углов экрана отображается миниатюрная карта игрового поля,Почти во всех играх,0,2,true,Интерфейс,✏️ ⭐️ Миникарта
Защита базы данных,2,Фичи,Означает защиту базы с помощью установки пароля на изменение данных в ней,Почти во всех играх,0,2,true,Разное,⭕️ ⭐️ Защита базы данных
Количество выкопанных клеток,½,Интерфейс,"Отображение количества клеток, которые выкопал игрок в течении игровой сессии в режиме реального времени",Почти во всех играх,1,0.5,true,Интерфейс,✏️ 🎨 Количество выкопанных клеток
Количество жизней игрока,½,Интерфейс,Отображение жизней игрока в течении игровой сессии в режиме реального времени,Почти во всех играх,8,0.5,true,Интерфейс,✏️ 🎨 Количество жизней игрока
Количество счета игрока,½,Интерфейс,Отображение счета (призовых очков) игрока в течении игровой сессии в режиме реального времени,Почти во всех играх,8,0.5,true,Интерфейс,✏️ 🎨 Количество счета игрока
Псевдографика для оформления меню и/или поля,1,Интерфейс,"Подразумевается, например, такого вида оформление (но не обязательно такое):\n╔═══╤═══╗\n╟───┼───╢",,9,1,false,Интерфейс,✏️ 🎨 Псевдографика для оформления меню и/или поля
Возможность перезапустить игру,1,Финиш,"Например, начать проходить уровень заново",,11,1,false,Свойство,🌀 🏁 Возможность перезапустить игру
Глайдер,1,Инвентарь,"Элемент, которые позволяет падая вниз менять направление падения, а также не терять жизни при падении с большой высоты",,0,1,false,Элемент,🧩 🧳 Глайдер
Изменение направления при падении,1,"Инвентарь,Игрок",Свойство игрока с глайдером,,0,1,false,Свойство,🌀 🧳 🏃🏻‍♂️ Изменение направления при падении
Возможность игры с бонусами или без,1,Бонус,,,1,1,false,Интерфейс,✏️ ➕ Возможность игры с бонусами или без
Транспорт,1,Бонус,"Игрок может сесть в транспорт у которого есть свои характеристики скорости и здоровья, может инвентарь или оружие",,0,1,true,Элемент,🧩 ➕ Транспорт
Красочность информационных окон,1,Интерфейс,"Имеется в виду использование консольных псевдографических зарисовок для главного экрана, заставок победы/поражения и прочее",,7,1,false,Интерфейс,✏️ 🎨 Красочность информационных окон
Жизни игрока,1,Игрок,Жизней может быть несколько. Потеря жизни ー начинать уровень или игру сначала (или с точки сохранения и т.п.),💥 5: Battle City,10,1,false,Свойство,🌀 🏃🏻‍♂️ Жизни игрока
Здоровье игрока,1,Игрок,Может частично уменьшаться в зависимости от обстоятельств. Когда уменьшится совсем ー проигрыш или просто потеря очередной жизни (если их несколько),,2,1,false,Свойство,🌀 🏃🏻‍♂️ Здоровье игрока
Энергия игрока,1,Игрок,"Может приобретаться и расходоваться на определённые нужды (движение, атака, телепортация или какие-то другие фичи, что придумаете)",,0,1,false,Свойство,🌀 🏃🏻‍♂️ Энергия игрока
Самотелепортация игрока в случайную точку,1,"Игрок,Телепорт","Возможность игроку самостоятельно телепортироваться в случайную точку.\nНапишите в отчёте, когда это может происходить (либо, когда игрок окажется заблокирован и не может двигаться, либо у него всегда есть такая возможность, либо таких возможностей всего несколько за игру и т.п.)",,1,1,false,Свойство,🌀 🏃🏻‍♂️ 📡 Самотелепортация игрока в случайную точку
Настройки сочетаний клавиш,2,Настройки,,,1,2,false,Интерфейс,✏️ ⚙️ Настройки сочетаний клавиш
Дополнительные настройки,1,Настройки,"Опишите в отчёте, какие именно. Задание может дублироваться при необходимости",,3,1,false,Интерфейс,✏️ ⚙️ Дополнительные настройки
Последняя нажатая клавиша,½,Интерфейс,,,0,0.5,false,, 🎨 Последняя нажатая клавиша
Проверка на тупик во время игры,4,Фичи,"Здесь подразумевается проверка во время игры.\nЛибо автоматическая (каждый раз проверяется и если игрок оказывается в непроходимом тупике, то что-то происходит — либо телепорт, либо плюс одна жизнь на взорваться, либо уничтожение произвольной стены, чтобы избавиться от тупика и т.п.)",,2,4,false,Алгоритм,⚛️ ⭐️ Проверка на тупик во время игры
Мини игра,2,Прочие,"Некоторая дополнительная небольшая “игра” в игре.\nНапример, попадая на определённую клетку её можно или нужно пройти. Или чтобы сразиться с противником. Или для получения дополнительных бонусов и т.п.\nВ зависимости от сложности игры количество баллов может быть увеличено",,0,2,false,Разное,⭕️ ⛓ Мини игра
Аккаунты,,Результаты,Сохранение данных отдельных игроков\ntodo: скорее всего это задание надо раздробить на несколько более мелких...,,0,,false,Интерфейс,✏️ 📊 Аккаунты 🆑
Анимация движения противника,2,Противник,"Здесь имеется в виду, что когда игрок перемещается, то, например, анимируется его движение руками/ногами и т.п.",,3,2,false,Интерфейс,✏️ 🤖 Анимация движения противника
Атака игрока в ближнем бою,1,Игрок,Возможность атаковать находящегося рядом противника,,0,1,false,Свойство,🌀 🏃🏻‍♂️ Атака игрока в ближнем бою
Отображение текущих нажатых клавиш,1,Интерфейс,,,0,1,false,Интерфейс,✏️ 🎨 Отображение текущих нажатых клавиш
Надеваемая броня для игрока,1,Инвентарь,"Элемент можно временно “надеть” и тогда у игрока будет дополнительная броня (например, уменьшает получаемый урон)",,0,1,false,Элемент,🧩 🧳 Надеваемая броня для игрока
Уменьшение урона с помощью брони,1,Инвентарь,↑ свойство брони,,0,1,false,Свойство,🌀 🧳 Уменьшение урона с помощью брони
Меч,1,Инвентарь,Собрав этот элемент игрок может атаковать находящихся рядом противников,,0,1,false,Элемент,🧩 🧳 Меч
Удар мечом,1,"Инвентарь,Игрок",Атака находящихся рядом противников,,0,1,false,Свойство,🌀 🧳 🏃🏻‍♂️ Удар мечом
Конвертер,1,Инвентарь,"Магический элемент, который позволяет превратить окружающие клетки в блоки другого типа",,0,1,false,Элемент,🧩 🧳 Конвертер
Мерцающая стена,1,Препятствие,"Препятствие то появляется, то исчезает с определенным интервалом",,0,1,false,Элемент,🧩 🚧 Мерцающая стена
Мерцание для элемента,1,Препятствие,"То появление, то исчезание на определённом месте (но можно использовать не только для стены) ↑",,0,1,false,Свойство,🌀 🚧 Мерцание для элемента
Цепь,1,Препятствие,Связывает две клетки только в любые 2 из сторон (по горизонтали/вертикали)\nАвтор: Олександр Чучко,,0,1,true,Элемент,🧩 🚧 Цепь
Связываемость,2,Препятствие,Дает возможность связать элементы между собой (новый связанный объект может двигаться только если все связанные объекты могут двигаться),,0,2,true,Свойство,🌀 🚧 Связываемость
Клей,1,Препятствие,Связывает все прилягающие клетки,,0,1,true,Элемент,🧩 🚧 Клей
Цветной клей,1,Препятствие,"Делает то же, что и клей, но не приклеивается к клею другого цвета",,0,1,true,Элемент,🧩 🚧 Цветной клей
Скользкость,1,Препятствие,Элемент с этим свойством не приклеивается к клею,,0,1,true,Свойство,🌀 🚧 Скользкость
Общая кодовая база (3-я лаба),4,Основа,"Общая кодовая база между 2-й и 3-й лабами\nЯвляется обязательным для пятёрки по 3-й лабе\nНо редкой ситуации, когда до пятёрки по 3-й всё равно не дотягивает, может принести 4 балла",,5,4,false,Основа,🔘 ✔️ Общая кодовая база (3-я лаба)
Архитектура приложения,2,Основа,Подразумевает под собой стандартную трехслойную архитектуру приложения с использованием Dependency Injection,,1,2,true,Основа,🔘 ✔️ Архитектура приложения
“Умное” переключение окон,2,Основа,"Когда отрывается новое окно, старое закрывается. Но что, если старое окно будет нужно вскоре? Нет смысла его закрывать и открывать много раз.\nТо есть нужно создать общий алгоритм переключения окон, который не ограничивается простым их открытием/закрытием.",,1,2,true,Основа,🔘 ✔️ “Умное” переключение окон
Масштабирование карты во время игры,1,Интерфейс,"Здесь имеется в виду изменение масштаба отображения прямо во время игры, актуально в основном для 3-й лабы, т.к. для консоли реализовать проблематично",,2,1,false,Интерфейс,✏️ 🎨 Масштабирование карты во время игры
Комбинация нажатых клавиш,2,Фичи,,,1,2,false,, ⭐️ Комбинация нажатых клавиш
Иконка игры,1,Интерфейс,"Иконки форм, например в WinForms (актуально для 3-й лабы)",,15,1,false,Интерфейс,✏️ 🎨 Иконка игры
Красивая загрузка карты,1,Интерфейс,"Карта загружается не где-то в фоне, а постепенно с помощью какого-то алгоритма (например, каждая клетка рандомно, а не по порядку).",,3,1,true,Интерфейс,✏️ 🎨 Красивая загрузка карты
Использование GIF-анимаций,2,Интерфейс,Отображение элементов с помощью GIF’ок,,2,2,true,Интерфейс,✏️ 🎨 Использование GIF-анимаций
Анимация движения игрока,2,Игрок,"Здесь имеется в виду, что когда игрок перемещается, то, например, анимируется его движение руками/ногами и т.п.",Почти во всех играх,5,2,false,Интерфейс,✏️ 🏃🏻‍♂️ Анимация движения игрока
Деактивация действия элемента через N шагов,1,Инвентарь,"В отчёте перечислите, на какие элементы распространяется такая особенность",,0,1,false,Свойство,🌀 🧳 Деактивация действия элемента через N шагов
Деактивация действия элемента через N секунд,1,Инвентарь,"В отчёте перечислите, на какие элементы распространяется такая особенность",,0,1,false,Свойство,🌀 🧳 Деактивация действия элемента через N секунд
Одноразовость использования элементов,1,Инвентарь,"В отчёте перечислите, на какие элементы распространяется такая особенность",,2,1,false,Свойство,🌀 🧳 Одноразовость использования элементов
Многоразовость использования элементов,1,Инвентарь,"Имеется в виду, что элемент можно использовать бесконечное количество раз (неисчерпаемый ресурс)\nВ отчёте перечислите, на какие элементы распространяется такая особенность",,1,1,false,Свойство,🌀 🧳 Многоразовость использования элементов
Ограниченное количество раз использования элементов,1,Инвентарь,"Имеется в виду, что элемент можно использовать лишь определённое количество раз, и затем он “исчезает” из инвентаря (становится бесполезен)\nВ отчёте перечислите, на какие элементы распространяется такая особенность",,1,1,false,Свойство,🌀 🧳 Ограниченное количество раз использования элементов
Ограничение рюкзака по весу,1,Инвентарь,"Если у всех элементов есть разный вес, то игрок может носить только n кг веса. В зависимости от загруженности меняется скорость игрока или игрок перестает двигаться вообще.",,0,1,true,Свойство,🌀 🧳 Ограничение рюкзака по весу
Ограничение инвентаря: типы предметов,1,Инвентарь,"Если у всех предметов есть свой тип (пр. шлем, кольцо, амулет, нагрудник, сапоги, меч, тд) то персонаж может носить ограниченное количество этого элемента (1 шлем, 2 кольца, пр.)",,0,1,true,Свойство,🌀 🧳 Ограничение инвентаря: типы предметов
Редкость,1,Инвентарь,"Присуща элементам, которые можно подобрать. Помогает игроку понять, какой предмет может быть лучше и полезнее (например легендарная броня лучше обычной). Так же от редкости зависит шанс найти предмет.",,0,1,true,Свойство,🌀 🧳 Редкость
Спасательный жилет,,Инвентарь,"Специальный игровой элемент, который помогает преодолевать такое препятствие как вода или какую-то другую жидкость.",,1,,true,Элемент,🧩 🧳 Спасательный жилет 🆑
Конфета,2,Прочие,,,0,2,false,Элемент,🧩 ⛓ Конфета
Рыба,2,Прочие,,,0,2,false,Элемент,🧩 ⛓ Рыба
Анимация игровых элементов,2,Прочие,,,2,2,false,Интерфейс,✏️ ⛓ Анимация игровых элементов
Проводник,1,Прочие,"Элемент, который связывает активатор (примером рычаг или кнопка) и элемент который должен из-за него активироваться (примером дверь или ловушка). Элемент может быть как чисто визуальный так и частью головоломки: поменяв расположение проводников получаем совершенно другую реакцию.",,0,1,true,Элемент,🧩 ⛓ Проводник
git: не архив,1,Репозиторий,"Отдельные файлы, а не просто архив через веб",,11,1,false,Основа,🔘 💾 git: не архив
git: ветки,1,Репозиторий,"Использование веток (по назначению и смыслу)\nОпишите, какие ветки и для чего использовали",,13,1,false,Основа,🔘 💾 git: ветки
git: коммиты,1,Репозиторий,Регулярные коммиты\nДайте ссылку на историю коммитов,,18,1,false,Основа,🔘 💾 git: коммиты
git: описания,1,Репозиторий,"Понятные комментарии к коммитам и содержимое “отделительное”, а не всё скопом\nДайте здесь примеры нескольких таких коммитов\nА также дайте ссылку на историю изменений в git",,8,1,false,Основа,🔘 💾 git: описания
git: pull-requests,1,Репозиторий,Дайте ссылку на ваше pull request’ы,,6,1,false,Основа,🔘 💾 git: pull-requests
git: .gitignore,½,Репозиторий,Добавление файла .gitignore,,16,0.5,true,Основа,🔘 💾 git: .gitignore
Толкатель,1,Движение,"Заставляется игрока двигаться в указанном направлении без возможности сменить направление, до тех пор пока не выполнится один из критериев (смотря что именно реализуете) ↓",,0,1,false,Элемент,🧩 ➡️ Толкатель
Универсальный движок,8,Фичи,"Здесь подразумевается реализация классов игры в таком виде, что их можно удобно переиспользовать даже для построения другого варианта игры.\nТо есть логика конкретных игровых процессов получается не жёстко зафиксированной, а зависит от тех или иных конфигурационных параметров.\nВ идеале получается, что при определённых конфигурациях можно получить даже совершенно другую игру на том же исходном коде.",,2,8,false,Основа,🔘 ⭐️ Универсальный движок
Магазин,,Фичи,"Магазин, в котором можно покупать различные дополнительные возможности или ресурсы и т.п.\nСкорее всего надо разбить на несколько более мелких заданий",,0,,false,Разное,⭕️ ⭐️ Магазин 🆑
Уровень-туториал,1,Фичи,Отдельный уровень с интсрукциями и минимальной сложностью,,1,1,true,Разное,⭕️ ⭐️ Уровень-туториал
"Создание папок для классов, файлов и т.д.",½,Фичи,,,6,0.5,true,Разное,"⭕️ ⭐️ Создание папок для классов, файлов и т.д."
Кастомизация,2,Фичи,"Возможность для игрока выбирать внешний вид элементов (в том числе противников, самого себя, пр) путем разблокирования или покупки этой самой кастомизации.",Почти во всех играх,1,2,true,Разное,⭕️ ⭐️ Кастомизация
Спящий режим,2,Фичи,"Если игрок отсутствует по прошествию энного времени, то игра приостанавливается (противники перестают двигаться, все элементы которые зависят от времени “замораживают” свой таймер) и ее можно включить обратно при нажатии любой клавиши. У этого режима желательно должна быть какая-то визуальная индикация, например облако с сообщением “Вы еще здесь?”",,0,2,true,Разное,⭕️ ⭐️ Спящий режим
Плавное перемещение игрока по клетке,2,Игрок,"Здесь имеется в виду, что игрок не обязательно занимается строго определённую клетку (перемещаясь скачкообразно), а перемещается плавно между клетками часто находясь одновременно на двух (частично на одной, частично на второй)",,2,2,false,Интерфейс,✏️ 🏃🏻‍♂️ Плавное перемещение игрока по клетке
Достижения (ачивки) игрока,,Игрок,"Это задание ещё не очень классифицировано. Если вы его выберите, то опишите в отчёте, что именно сделали и возможно оно разобьётся на несколько заданий поменьше с соответствующими баллами",,0,,false,Свойство,🌀 🏃🏻‍♂️ Достижения (ачивки) игрока 🆑
Классы игрока,2,Игрок,"Игрок может быть разных классов и в зависимоти от этого иметь разные способности, стартовые предметы в инвентаре, оружие и т.д. Пример: воин, лучник, маг.",,0,2,true,Свойство,🌀 🏃🏻‍♂️ Классы игрока
Характеристики игрока,1,Игрок,"Обобщенное поле которое содержит в себе все характеристики (скорость, здоровье, урон, удача, дальность огня, скорость полета пули, пр), которые можно легко увеличивать или уменьшать, натыкаясь на бонусы и антибонусы соответственно или покуда в инвентаре есть определенные предметы",,0,1,true,Свойство,🌀 🏃🏻‍♂️ Характеристики игрока
Самоубийство,1,Игрок,"Если игрок попадает в ловушку, из которой нельзя выбраться, но при этом не умирает, он может совершить самоубийство",,1,1,true,Свойство,🌀 🏃🏻‍♂️ Самоубийство
Клаустрофобия,1,Игрок,"Игрок погибает от клаустрофобии - тесного пространства, которое его окружает (например это может быть глубокая лестница в никуда)",,1,1,true,Свойство,🌀 🏃🏻‍♂️ Клаустрофобия
Временное отключение телепортации после использования (на N шагов),1,Телепорт,,,2,1,false,Свойство,🌀 📡 Временное отключение телепортации после использования (на N шагов)
Временное отключение телепортации после использования (на N секунд),1,Телепорт,,,1,1,false,Свойство,🌀 📡 Временное отключение телепортации после использования (на N секунд)
“Толкание” игрока до преграды,1,Движение,"Игрок начинает двигаться в определённом направлении до тех пор пока не встретит преграду (любой соответствующий элемент), после этого он может двигаться как обычно\nЭто задание имеет смысл для игровых вариантов с “неинерционным” игроком",,0,1,false,Свойство,🌀 ➡️ “Толкание” игрока до преграды
“Толкание” игрока на N клеток,1,Движение,↑,,0,1,false,Свойство,🌀 ➡️ “Толкание” игрока на N клеток
“Толкание” игрока в течение N секунд,1,Движение,↑,,0,1,false,Свойство,🌀 ➡️ “Толкание” игрока в течение N секунд
Пружина,1,Движение,"Элемент, который подбрасывает игрока в игре с гравитацией",,0,1,true,Элемент,🧩 ➡️ Пружина
Переключатель гравитации,1,Движение,Инверсирует текущую гравитацию (было сверху вниз - стало снизу вверх и наоборот),,3,1,true,Элемент,🧩 ➡️ Переключатель гравитации
Плавное перемещение противника по клетке,2,Противник,"Здесь имеется в виду, что игрок не обязательно занимается строго определённую клетку (перемещаясь скачкообразно), а перемещается плавно между клетками часто находясь одновременно на двух (частично на одной, частично на второй)",,2,2,false,Интерфейс,✏️ 🤖 Плавное перемещение противника по клетке
Враги появляются только после 1-го шага игрока,1,Противник,"После старта игры, пока игрок стоит, противников нет, как только произойдет движение, враги появятся.",,1,1,true,Свойство,🌀 🤖 Враги появляются только после 1-го шага игрока
Противник может использовать бонусы игрока,1,Противник,"Имеется в виду, что при взаимодействии врага с бонусом на него будет применено его свойство",,1,1,true,Свойство,🌀 🤖 Противник может использовать бонусы игрока
Поле зрения противника,1,Противник,"Противник замечает игрока только в определенном поле (например,  5 клеток вокруг себя или только сектор этого круга)",,2,1,true,Свойство,🌀 🤖 Поле зрения противника
Противник умирает при попадании в яму,1,Противник,"Противник умирает, при попадании в яму.",💰 4: Lode Runner,1,1,true,Свойство,🌀 🤖 Противник умирает при попадании в яму
Противник не успевает вылезти из ямы,1,Противник,"↑ быть убитым не просто при попадании в яму, а при дополнительных условиях.\nНапример, есть открытая яма, которая затягивается через несколько секунд, и в нее провалился противник, которому  нужно некоторое количество секунд, чтобы выбраться. Если яма успела затянутся до того, как противник вылез, то противник умирает.",,1,1,true,Свойство,🌀 🤖 Противник не успевает вылезти из ямы
Противник умирает при падении игрока сверху,1,Противник,"Игрок может прыгнуть сверху на противника или выкопать яму на этаже выше и прыгнуть в нее, попав на врага.",💰 4: Lode Runner,1,1,true,Свойство,🌀 🤖 Противник умирает при падении игрока сверху
Небольшие микро-демки для многих заданий,1,Видеодемки,"Подразумевается, что для демонстрации-описания многих заданий в отчёте были записаны короткие видео-фрагменты с демонстрацией соответствующего момента",,14,1,false,, 🎬 Небольшие микро-демки для многих заданий
Голосовое сопровождение видео-демки,1,Видеодемки,"Подразумевается описание голосом того, что происходит на видео",,7,1,false,, 🎬 Голосовое сопровождение видео-демки
Дополнительные эффекты в видео,½,Видеодемки,,,7,0.5,false,, 🎬 Дополнительные эффекты в видео
