name,description,coins,coin_type,points,category,supercategory,subcategory,games,report,color,author,new,used,source
🌅 Фон анімований (gif),,,🟢,,Інтерфейс: Графічні таски,Інтерфейс,,,,,,,,tasks
🌅 Фон анімований (shader),,,🟡,,Інтерфейс: Графічні таски,Інтерфейс,,,,,,,,tasks
Автотайлинг (різний вигляд сутностей в залежності від сусідів),,,⚪,,Інтерфейс: Графічні таски,Інтерфейс,,,,,,,,tasks
🐭 Створення мишкою,,,🟤,,Інтерфейс: Графічні таски,Інтерфейс,,,,,,,,tasks
🔎 Масштабування видимої частини,,,🟤,,Інтерфейс: Графічні таски,Інтерфейс,,,,,,,,tasks
Переміщення видимої частини,,,🟤,,Інтерфейс: Графічні таски,Інтерфейс,,,,,,,,tasks
⚔️ Може стріляти,,,🟤,,Сутності: Фунціонал сутностей,Сутності (entities),,,,,,,,tasks
📦 Може збирати ресурс,,,🟤,,Сутності: Фунціонал сутностей,Сутності (entities),,,,,,,,tasks
⬇️ Переміщення: зверху вниз,,,🟤,,Сутності: Переміщення по полю,Сутності (entities),,,,,,,,tasks
✨ Створює іншу сутність,,,🟤,,Сутності: Фунціонал сутностей,Сутності (entities),,,,,,,,tasks
Переміщення: іншої сутності,,,⚪,,Сутності: Переміщення по полю,Сутності (entities),,,,,,,,tasks
📦 Може взяти сутність,,,🟤,,Сутності: Фунціонал сутностей,Сутності (entities),,,,,,,,tasks
📦 Може покласти сутність,,,🟤,,Сутності: Фунціонал сутностей,Сутності (entities),,,,,,,,tasks
▶️ Головний ігровий екран,,,🟤,,Інтерфейс: Віконця або блоки,Інтерфейс,,,,,,,,tasks
▶️ Головне меню,,,🟤,,Інтерфейс: Віконця або блоки,Інтерфейс,,,,,,,,tasks
⚙️ Налаштування,,,🟤,,Інтерфейс: Віконця або блоки,Інтерфейс,,,,,,,,tasks
🔊 Гучність,,,🟤,,Інтерфейс: Налаштування,Інтерфейс,,,,,,,,tasks
⚙️ Налаштування,,,🟤,,Інтерфейс: Пункти меню,Інтерфейс,,,,,,,,tasks
▶️ Нова гра (Start),,,🟤,,Інтерфейс: Пункти меню,Інтерфейс,,,,,,,,tasks
💾 Збереження ігрової сесії,,,🟤,,Інтерфейс: Пункти меню,Інтерфейс,,,,,,,,tasks
💾 Збереження ігрової сесії,,,🟤,,Функціонал: Збереження,Функціонал гри,,,,,,,,tasks
Entity Component System,,,🟤,,Python: Архітектури,Python,,,,,,,,tasks
Arcade,,,🟡,,Python: Бібліотеки,Python,,,,,,,,tasks
esper,,,⚪,,Python: Бібліотеки,Python,,,,,,,,tasks
mypy,,,🟢,,Python: Бібліотеки,Python,,,,,,,,tasks
ruff,,,🟢,,Python: Бібліотеки,Python,,,,,,,,tasks
requirement.txt,,,🟢,,Python: Бібліотеки,Python,,,,,,,,tasks
uv,,,🟢,,Python: Бібліотеки,Python,,,,,,,,tasks
venv,,,🟢,,Python: Бібліотеки,Python,,,,,,,,tasks
pyenv,,,🟢,,Python: Бібліотеки,Python,,,,,,,,tasks
pyproject.toml,,,🟢,,Python: Бібліотеки,Python,,,,,,,,tasks
Окремий клас для поля,,,🟢,,Python: Структура кода,Python,,,,,,,,tasks
Окремий клас обробки вводу,,,🟢,,Python: Структура кода,Python,,,,,,,,tasks
Окремий клас для фізики,,,🟢,,Python: Структура кода,Python,,,,,,,,tasks
Окремий клас для рендеру,,,🟢,,Python: Структура кода,Python,,,,,,,,tasks
Базовий клас для сутностей,,,🟢,,Python: Структура кода,Python,,,,,,,,tasks
Наслідування сутностей від базової,,,🟢,,Python: Структура кода,Python,,,,,,,,tasks
💾 Завантаження збереженої сесії,,,🟤,,Інтерфейс: Пункти меню,Інтерфейс,,,,,,,,tasks
🏳️ Вихід з гри,,,🟤,,Інтерфейс: Пункти меню,Інтерфейс,,,,,,,,tasks
↕️ Вибір пунктів меню курсорними клавішами,,,🟤,,Інтерфейс: Графічні таски,Інтерфейс,,,,,,,,tasks
🔲 Псевдографіка для меню,,,🟤,,Інтерфейс: Графічні таски,Інтерфейс,,,,,,,,tasks
🔲 Псевдографіка для ігрового поля,,,🟤,,Інтерфейс: Графічні таски,Інтерфейс,,,,,,,,tasks
🔲 Псевдографіка для стартового екрану,,,🟤,,Інтерфейс: Графічні таски,Інтерфейс,,,,,,,,tasks
Переміщення: випадкове,,,🟤,,Сутності: Переміщення по полю,Сутності (entities),,,,,,,,tasks
Переміщення: по напрямку к гравцю,,,⚪,,Сутності: Переміщення по полю,Сутності (entities),,,,,,,,tasks
⛔ Не можна пройти крізь сутність (стіна),,,🟤,,Сутності: Фунціонал сутностей,Сутності (entities),,,,,,,,tasks
💥 Можна зламати сутність,,,🟤,,Сутності: Фунціонал сутностей,Сутності (entities),,,,,,,,tasks
⚔️ Стріляє вперед,,,🟤,,Сутності: Фунціонал сутностей,Сутності (entities),,,,,,,,tasks
⚔️ Стріляє тричі підряд,,,🟤,,Сутності: Фунціонал сутностей,Сутності (entities),,,,,,,,tasks
⚔️ Стріляє дрібʼю (splash-постріл),,,🟤,,Сутності: Фунціонал сутностей,Сутності (entities),,,,,,,,tasks
⚔️ Стріляє з затримкою на відновлення (Cool down),,,🟤,,Сутності: Фунціонал сутностей,Сутності (entities),,,,,,,,tasks
⚔️ Зброя: Рівень зброї,,,🟤,,Сутності: Параметри сутностей,Сутності (entities),,,,,,,,tasks
💛 Життя: Кількість здоровʼя (HP),,,🟤,,Сутності: Параметри сутностей,Сутності (entities),,,,,,,,tasks
⚔️ Зброя: Сила ураження (Damage),,,🟤,,Сутності: Параметри сутностей,Сутності (entities),,,,,,,,tasks
⚔️ Зброя: Інтервал пострілів (gap),,,🟤,,Сутності: Параметри сутностей,Сутності (entities),,,,,,,,tasks
"⚔️ Зброя: Затримка (delay, cool down)",,,🟤,,Сутності: Параметри сутностей,Сутності (entities),,,,,,,,tasks
➕💛 Додає гравцю HP,,,🟤,,Сутності: Фунціонал сутностей,Сутності (entities),,,,,,,,tasks
📊 Score,,,🟤,,Інтерфейс: Результати гри,Інтерфейс,,,,,,,,tasks
Відображення інформації,,,🟤,,Інтерфейс: Графічні таски,Інтерфейс,,,,,,,,tasks
Скільки залишилось ворогів,,,🟤,,Інтерфейс: Відображення інфи,Інтерфейс,,,,,,,,tasks
💛 HP,,,🟤,,Інтерфейс: Відображення інфи,Інтерфейс,,,,,,,,tasks
📊 Score,,,🟤,,Інтерфейс: Відображення інфи,Інтерфейс,,,,,,,,tasks
⚔️ Обрана зброя,,,🟤,,Інтерфейс: Відображення інфи,Інтерфейс,,,,,,,,tasks
Рівень (на якому зараз),,,🟤,,Інтерфейс: Відображення інфи,Інтерфейс,,,,,,,,tasks
Більш складний розрахунок score,,,🟤,,Функціонал гри,Функціонал гри,,,,,,,,tasks
Більш складний розрахунок параметрів за рівнем сутності (level),,,🟤,,Функціонал гри,Функціонал гри,,,,,,,,tasks
💾 Збереження гри при проходженні рівня,,,🟤,,Функціонал: Збереження,Функціонал гри,,,,,,,,tasks
Upgrade зброї після проходженні рівня,,,🟤,,Функціонал гри,Функціонал гри,,,,,,,,tasks
Більш складний розрахунок spawn для противників (залежності від рівня),,,🟤,,Функціонал гри,Функціонал гри,,,,,,,,tasks
Safe-зона для spawn’у противників,,,🟤,,Функціонал гри,Функціонал гри,,,,,,,,tasks
🛒 Upgrade зброї після проходженні рівня,,,🟤,,Інтерфейс: Віконця або блоки,Інтерфейс,,,,,,,,tasks
❓ Меню після проходження рівня (продовжити чи вийти),,,🟤,,Інтерфейс: Віконця або блоки,Інтерфейс,,,,,,,,tasks
Переміщення карти при переміщенні гравця,,,🟤,,Інтерфейс: Графічні таски,Інтерфейс,,,,,,,,tasks
🏳️ Меню при програші (нова гра та вихід),,,🟤,,Інтерфейс: Віконця або блоки,Інтерфейс,,,,,,,,tasks
Клас чи модуль для налаштувань,,,🟢,,Python: Структура кода,Python,,,,,,,,tasks
pytmx (tile для pygame),,,🔵,,Python: Бібліотеки,Python,,,,,,,,tasks
🌅 Фон неанімований,,,🟤,,Інтерфейс: Графічні таски,Інтерфейс,,,,,,,,tasks
Анімація персонажу,,,🟤,,Інтерфейс: Графічні таски,Інтерфейс,,,,,,,,tasks
📊 Статистика: Кількість кроків,,,🟤,,Сутності: Параметри сутностей,Сутності (entities),,,,,,,,tasks
📊 Статистика: Кількість використання предмету,,,🟤,,Сутності: Параметри сутностей,Сутності (entities),,,,,,,,tasks
✨ Зміна параметру іншої сутності,,,🟤,,Сутності: Фунціонал сутностей,Сутності (entities),,,,,,,,tasks
🔢 Різне: Глибина,,,🟤,,Сутності: Параметри сутностей,Сутності (entities),,,,,,,,tasks
🔄 Перезапустити гру,,,🟤,,Інтерфейс: Пункти меню,Інтерфейс,,,,,,,,tasks
Цікава алгоритмічна генерація (+ конкретні кроки реалізації окремими підзавданнями),,,🟡,,Програмне створення рівнів,Рівні (levels),,,,,,,,tasks
Дуже простий рівень,,,🟤,,Ручне створення рівнів,Рівні (levels),,,,,,,,tasks
Складний цікавій рівень,,,⚪,,Ручне створення рівнів,Рівні (levels),,,,,,,,tasks
Випадкова генерація проста,,,🟤,,Програмне створення рівнів,Рівні (levels),,,,,,,,tasks
Генерація печер,,,🟡,,Програмне створення рівнів,Рівні (levels),,,,,,,,tasks
Кастомний заголовок вікна,,,🟤,,Інтерфейс: Графічні таски,Інтерфейс,,,,,,,,tasks
⬇️ Гравітація,,,⚪,,Сутності: Переміщення по полю,Сутності (entities),,,,,,,,tasks
Переміщення: просте (вперед-назад),,,🟤,,Сутності: Переміщення по полю,Сутності (entities),,,,,,,,tasks
⚔️ Зброя: Кількість патронів,,,🟤,,Сутності: Параметри сутностей,Сутності (entities),,,,,,,,tasks
3D-відображення,,,🟤,,Інтерфейс: Графічні таски,Інтерфейс,,,,,,,,tasks
3D в консолі,,,🟡,,Інтерфейс: Графічні таски,Інтерфейс,,,,,,,,tasks
3D: Різні символи в залежності від дальності,,,🟤,,Інтерфейс: Графічні таски,Інтерфейс,,,,,,,,tasks
➕⚔️ Додадає гравцю патрони,,,🟤,,Сутності: Фунціонал сутностей,Сутності (entities),,,,,,,,tasks
⏱️ Найкращій час,,,🟤,,Інтерфейс: Результати гри,Інтерфейс,,,,,,,,tasks
"⏱️ Час, який пройшов",,,🟤,,Інтерфейс: Відображення інфи,Інтерфейс,,,,,,,,tasks
⏱️ Час найкращій,,,🟤,,Інтерфейс: Відображення інфи,Інтерфейс,,,,,,,,tasks
💰 Coins (обовʼязкові),,,🟤,,Інтерфейс: Результати гри,Інтерфейс,,,,,,,,tasks
⏱️ Час проходження рівня,,,🟤,,Інтерфейс: Результати гри,Інтерфейс,,,,,,,,tasks
🔢 Різне: Час зникання (щоб через N секунд повернути),,,🟤,,Сутності: Параметри сутностей,Сутності (entities),,,,,,,,tasks
"💥 Знищити інший елемент попереду (напр., клітинку землі)",,,🟤,,Сутності: Фунціонал сутностей,Сутності (entities),,,,,,,,tasks
💥 Знищити інший елемент (сусідній),,,🟤,,Сутності: Фунціонал сутностей,Сутності (entities),,,,,,,,tasks
💥 Знищити інший елемент знизу по діагоналі,,,🟤,,Сутності: Фунціонал сутностей,Сутності (entities),,,,,,,,tasks
⏱️ Відновлення елемента через деякий час,,,🟤,,Сутності: Фунціонал сутностей,Сутності (entities),,,,,,,,tasks
↕️ Дозволяє рухатись вертикально,,,🟤,,Сутності: Фунціонал сутностей,Сутності (entities),,,,,,,,tasks
⬆️ Стрибок вверх,,,⚪,,Сутності: Переміщення по полю,Сутності (entities),,,,,,,,tasks
↗️ Стрибок по діагоналі,,,⚪,,Сутності: Переміщення по полю,Сутності (entities),,,,,,,,tasks
"🪜 Хапання драбини (наприклад, якщо підстрибнули)",,,🟤,,Сутності: Фунціонал сутностей,Сутності (entities),,,,,,,,tasks
⬆️⏱️ Зависання в повітря при стрибку (долі секунди),,,🟤,,Сутності: Фунціонал сутностей,Сутності (entities),,,,,,,,tasks
📊 Перелік найкращих результатів (для рівня),,,🟤,,Інтерфейс: Віконця або блоки,Інтерфейс,,,,,,,,tasks
Можна переміщатися між рівнями (навіть не пройшовши їх),,,🟤,,Функціонал гри,Функціонал гри,,,,,,,,tasks
Пауза (вручну),,,🟤,,Функціонал гри,Функціонал гри,,,,,,,,tasks
"Пауза (автоматична, наприклад при відображенні результатів)",,,🟤,,Функціонал гри,Функціонал гри,,,,,,,,tasks
💾 Завантаження попередньо збереженої сесії,,,🟤,,Функціонал: Збереження,Функціонал гри,,,,,,,,tasks
Переміщення: випадкова зміна напрямку руху,,,🟤,,Сутності: Переміщення по полю,Сутності (entities),,,,,,,,tasks
Переміщення: зміна напрямку при стіні,,,🟤,,Сутності: Переміщення по полю,Сутності (entities),,,,,,,,tasks
Чіт-код: збільшити здоровʼя,,,🟤,,Функціонал гри,Функціонал гри,,,,,,,,tasks
Чіт-код: знищити всіх ворогів,,,🟤,,Функціонал гри,Функціонал гри,,,,,,,,tasks
"🏳️ Заверешння гри при знищенні (наприклад, база в танчиках)",,,🟤,,Сутності: Фунціонал сутностей,Сутності (entities),,,,,,,,tasks
⛔ Міцний елемент (не знищується пострілом),,,🟤,,Сутності: Фунціонал сутностей,Сутності (entities),,,,,,,,tasks
▶️ Стартовий екран,,,🟤,,Інтерфейс: Віконця або блоки,Інтерфейс,,,,,,,,tasks
↔️ Переміщення: по горизонталі,,,🟤,,Сутності: Переміщення по полю,Сутності (entities),,,,,,,,tasks
↗️ Переміщення: по діагоналі,,,🟤,,Сутності: Переміщення по полю,Сутності (entities),,,,,,,,tasks
↗️ Різний кут відбиття мʼячика в залежності від місця удару по ракетці,,,🟤,,Сутності: Фунціонал сутностей,Сутності (entities),,,,,,,,tasks
🔢 Різне: Закруглення ракетки (різні кути відбиття мʼячика),,,🟤,,Сутності: Параметри сутностей,Сутності (entities),,,,,,,,tasks
🏳️ Поразка,,,🟤,,Інтерфейс: Віконця або блоки,Інтерфейс,,,,,,,,tasks
"💛 Життя: Міцність елементу (скільки разів вдарити, щоб знищити)",,,🟤,,Сутності: Параметри сутностей,Сутності (entities),,,,,,,,tasks
Перевірка досяжності всіх клітин,,,🟡,,Програмне створення рівнів,Рівні (levels),,,,,,,,tasks
Відзеркалення для генерації,,,⚪,,Програмне створення рівнів,Рівні (levels),,,,,,,,tasks
Випадкова генерація з вагами окремих клітин,,,⚪,,Програмне створення рівнів,Рівні (levels),,,,,,,,tasks
Випадкова генерація ліній з клітин,,,⚪,,Програмне створення рівнів,Рівні (levels),,,,,,,,tasks
"🌳 Приховує інші клітинки, які стають на неї (як ліс з танчиків)",,,🟤,,Сутності: Фунціонал сутностей,Сутності (entities),,,,,,,,tasks
"💧 Пропускає крізь себе снаряди (не знищуючись), як річка в танчиках",,,🟤,,Сутності: Фунціонал сутностей,Сутності (entities),,,,,,,,tasks
💥 Може бути знищенним,,,🟤,,Сутності: Фунціонал сутностей,Сутності (entities),,,,,,,,tasks
📊 Кількість ворогів,,,🟤,,Інтерфейс: Відображення інфи,Інтерфейс,,,,,,,,tasks
📊 Перелік найкращих результатів (всього),,,🟤,,Інтерфейс: Віконця або блоки,Інтерфейс,,,,,,,,tasks
🛒 Магазин,,,🟤,,Інтерфейс: Віконця або блоки,Інтерфейс,,,,,,,,tasks
🛒 Магазин: відкриття покупки,,,🟤,,Інтерфейс: Пункти меню,Інтерфейс,,,,,,,,tasks
🛒 Магазин: Перегляд гардеробу,,,🟤,,Інтерфейс: Пункти меню,Інтерфейс,,,,,,,,tasks
🛒 Гардероб,,,🟤,,Інтерфейс: Віконця або блоки,Інтерфейс,,,,,,,,tasks
🛒 Магазин: Встановлення кольору для чогось,,,🟤,,Інтерфейс: Віконця або блоки,Інтерфейс,,,,,,,,tasks
🛒 Магазин: встановлення кольору для голови,,,🟤,,Інтерфейс: Пункти меню,Інтерфейс,,,,,,,,tasks
🛒 Магазин: встановлення кольору для тіла,,,🟤,,Інтерфейс: Пункти меню,Інтерфейс,,,,,,,,tasks
🛒 Магазин: встановлення кольору для всього,,,🟤,,Інтерфейс: Пункти меню,Інтерфейс,,,,,,,,tasks
🛒 Магазин: Кольори для покупки,,,🟤,,Інтерфейс: Віконця або блоки,Інтерфейс,,,,,,,,tasks
🛒 Магазин: покупка кольорів,,,🟤,,Функціонал: Магазин,Функціонал гри,,,,,,,,tasks
🛒 Магазин: гардероб вибір кольрів,,,🟤,,Функціонал: Магазин,Функціонал гри,,,,,,,,tasks
keyboard (стандартна),,,🟢,,Python: Бібліотеки,Python,,,,,,,,tasks
⚙️ Налаштування складності гри (швидкість),,,🟤,,Інтерфейс: Віконця або блоки,Інтерфейс,,,,,,,,tasks
⚙️ Налаштування (розмір поля),,,🟤,,Інтерфейс: Віконця або блоки,Інтерфейс,,,,,,,,tasks
📊 Кількість зароблених монеток,,,🟤,,Інтерфейс: Відображення інфи,Інтерфейс,,,,,,,,tasks
📊 Кількість зʼїдених яблук,,,🟤,,Інтерфейс: Відображення інфи,Інтерфейс,,,,,,,,tasks
"🏆 Перемога, якщо розмір змійки максимальний",,,🟤,,Функціонал: Перемога,Функціонал гри,,,,,,,,tasks
🏳️ Поразка: якщо врізались в стіну,,,🟤,,Функціонал: Поразка,Функціонал гри,,,,,,,,tasks
🏳️ Поразка: якщо врізались самі в себе,,,🟤,,Функціонал: Поразка,Функціонал гри,,,,,,,,tasks
➕ Збільшення змійки на 1,,,🟤,,Сутності: Фунціонал сутностей,Сутності (entities),,,,,,,,tasks
➕ Збільшення змійки на 3,,,🟤,,Сутності: Фунціонал сутностей,Сутності (entities),,,,,,,,tasks
🔢 Різне: Ранг гравця (в залежності від score),,,🟤,,Сутності: Параметри сутностей,Сутності (entities),,,,,,,,tasks
Ранг гравця,,,🟤,,Інтерфейс: Відображення інфи,Інтерфейс,,,,,,,,tasks
json,,,🟢,,Python: Бібліотеки,Python,,,,,,,,tasks
"Карта у вигляді тору (ідемо вниз, опиямось вверху, і так само вліво-вправо)",,,🟤,,Функціонал гри,Функціонал гри,,,,,,,,tasks
↔️ Переміщення: вліво-вправо з певною вирогідністю,,,🟤,,Сутності: Переміщення по полю,Сутності (entities),,,,,,,,tasks
"-1 життя, якщо ворог дійшов до низу поля",,,🟤,,Функціонал гри,Функціонал гри,,,,,,,,tasks
"⏱️ Час, який залишився до перемоги",,,🟤,,Інтерфейс: Відображення інфи,Інтерфейс,,,,,,,,tasks
"Статус гри (остання подія, наприклад, ворог врізався, перезаряджається лазер)",,,🟤,,Інтерфейс: Відображення інфи,Інтерфейс,,,,,,,,tasks
⚔️ Перезарядка лазера (невеличкий таймер),,,🟤,,Сутності: Фунціонал сутностей,Сутності (entities),,,,,,,,tasks
"Score: +1 за кожну секунду, яку протримались",,,🟤,,Функціонал гри,Функціонал гри,,,,,,,,tasks
Score: +X за кожного вбитого ворога,,,🟤,,Функціонал гри,Функціонал гри,,,,,,,,tasks
⌨️ Ввод імені гравця,,,🟤,,Інтерфейс: Результати гри,Інтерфейс,,,,,,,,tasks
💾 Збереження імені гравця,,,🟤,,Функціонал: Збереження,Функціонал гри,,,,,,,,tasks
Переміщення: волновий алгоритм до гравця,,,🟡,,Сутності: Переміщення по полю,Сутності (entities),,,,,,,,tasks
"Переміщення: волну використовувати не напряму, а рандомно туди-сюди можна переміщатись",,,🟤,,Сутності: Переміщення по полю,Сутності (entities),,,,,,,,tasks
ℹ️ Довідка (help),,,🟤,,Інтерфейс: Віконця або блоки,Інтерфейс,,,,,,,,tasks
ℹ️ Інформація по командам,,,🟤,,Інтерфейс: Віконця або блоки,Інтерфейс,,,,,,,,tasks
🛒 Профіль (інвентар),,,🟤,,Інтерфейс: Віконця або блоки,Інтерфейс,,,,,,,,tasks
🛒 Обмін ресурсів (по певному курсу),,,🟡,,Інтерфейс: Віконця або блоки,Інтерфейс,,,,,,,,tasks
"⬇️ Каміння може впасти на гравця (або гравій, або наковальня)",,,🟤,,Сутності: Фунціонал сутностей,Сутності (entities),,,,,,,,tasks
Шанс появи клітинки-ресурсу залежить від типу ресурсу,,,🟤,,Функціонал гри,Функціонал гри,,,,,,,,tasks
Шанс появи клітинки-ресурсу залежить від глибини розташування,,,🟤,,Функціонал гри,Функціонал гри,,,,,,,,tasks
"✨ Часткове перетворення лави на каміння, коли стоїмо поряд з нею",,,🟤,,Сутності: Фунціонал сутностей,Сутності (entities),,,,,,,,tasks
"✨ Блок автоматично зʼявляється під гравцем, коли він йде наверх",,,🟤,,Сутності: Фунціонал сутностей,Сутності (entities),,,,,,,,tasks
💾 При зберіганні гравець візуально підіймається наверх по клітинкам,,,🟤,,Інтерфейс: Графічні таски,Інтерфейс,,,,,,,,tasks
💛 Життя: Кількість життів (тотемів),,,🟤,,Сутності: Параметри сутностей,Сутності (entities),,,,,,,,tasks
💛 Життя: Кількість яблук (які покращують здоровʼя),,,🟤,,Сутності: Параметри сутностей,Сутності (entities),,,,,,,,tasks
⚔️ Зброя: Міцність кірки (скільки разів можна використати),,,🟤,,Сутності: Параметри сутностей,Сутності (entities),,,,,,,,tasks
"Глибина, на якій знаходимось",,,🟤,,Інтерфейс: Відображення інфи,Інтерфейс,,,,,,,,tasks
"📊 Кількість ресурсів, які викопали",,,🟤,,Інтерфейс: Відображення інфи,Інтерфейс,,,,,,,,tasks
Особливість: не можна рухатись вліво,,,🟤,,Функціонал гри,Функціонал гри,,,,,,,,tasks
"Розмір кнопок збільшується пробілами, щоб мати однакову ширину",,,🟤,,Інтерфейс: Графічні таски,Інтерфейс,,,,,,,,tasks
"🛒 Обмін: Обираємо ресурс, який міняємо",,,🟤,,Інтерфейс: Пункти меню,Інтерфейс,,,,,,,,tasks
🛒 Обмін: Плюс-мінус кількість ресурсу,,,🟤,,Інтерфейс: Пункти меню,Інтерфейс,,,,,,,,tasks
🛒 Обмін: зміна режиму покупка-продаж,,,🟤,,Інтерфейс: Пункти меню,Інтерфейс,,,,,,,,tasks
🛒 Обмін: обміняти обрану кількість,,,🟤,,Інтерфейс: Пункти меню,Інтерфейс,,,,,,,,tasks
Розрахунок курсу в залежності від ресурсів у всіх гравців,,,🟤,,Функціонал гри,Функціонал гри,,,,,,,,tasks
📊 Статистика: Кількість алмазів,,,🟤,,Сутності: Параметри сутностей,Сутності (entities),,,,,,,,tasks
📊 Статистика: Кількість зібраних ресурсів,,,🟤,,Сутності: Параметри сутностей,Сутності (entities),,,,,,,,tasks
📊 Статистика: Кількість смертей (від лави),,,🟤,,Сутності: Параметри сутностей,Сутності (entities),,,,,,,,tasks
📊 Статистика: Кількість викопаних ресурсів за весь час гри,,,🟤,,Сутності: Параметри сутностей,Сутності (entities),,,,,,,,tasks
"Режим, коли ми бачимо всі ресурси",,,🟤,,Функціонал гри,Функціонал гри,,,,,,,,tasks
"Режим, коли ми бачимо ресурси лише поряд із гравцем",,,🟤,,Функціонал гри,Функціонал гри,,,,,,,,tasks
"#️⃣ Пагінація для результатів (наступна, попередня сторінка)",,,🟤,,Інтерфейс: Пункти меню,Інтерфейс,,,,,,,,tasks
discord bot,,,🟡,,Python: Бібліотеки,Python,,,,,,,,tasks
SQL Alchemy,,,🟡,,Python: Бібліотеки,Python,,,,,,,,tasks
sqlite,,,🔵,,Python: Бібліотеки,Python,,,,,,,,tasks
🟦 1. Вивести ігрове поле на екран,,,🔵,,Python: Lab #1,Python,,,,,,,,tasks
🟦 2. Зчитати клавішу з клавіатури,,,🟢,,Python: Lab #1,Python,,,,,,,,tasks
🟦 3. Перемістити гравця на полі,,,🔵,,Python: Lab #1,Python,,,,,,,,tasks
"🟦 4. Перевірити клітинку, на яку натрапив гравець",,,🟢,,Python: Lab #1,Python,,,,,,,,tasks
🟦 5. Організувати ігровий цикл,,,🔵,,Python: Lab #1,Python,,,,,,,,tasks
🟦 6. Створити та використати декілька власних функцій,,,🟢,,Python: Lab #1,Python,,,,,,,,tasks
🟩 1a. Типи данних: str,,,🟢,,Python: Lab #1,Python,,,,,,,,tasks
🟩 1b. Типи данних: int або float,,,🟢,,Python: Lab #1,Python,,,,,,,,tasks
🟩 1c. Типи данних: bool,,,🟢,,Python: Lab #1,Python,,,,,,,,tasks
🟩 1d. Типи данних: NoneType,,,🟢,,Python: Lab #1,Python,,,,,,,,tasks
🟦 1. Матриця для елементів клітинного поля,,,🔵,,Python: Lab #2,Python,,,,,,,,tasks
🟦 1. Класи,,,🟢,,Python: Lab #3,Python,,,,,,,,tasks
🟦 1. Винятки,,,🟢,,Python: Lab #4,Python,,,,,,,,tasks
Веб-сторінка,,,🟤,,Python: Lab #5,Python,,,,,,,,tasks
🟦 2. Словники,,,🟢,,Python: Lab #2,Python,,,,,,,,tasks
🟦 3. Завантажити з текстового файлу,,,🔵,,Python: Lab #2,Python,,,,,,,,tasks
🟩 1. Зрізи,,,🟢,,Python: Lab #2,Python,,,,,,,,tasks
🟩 2. Спискові включення (list comprehension),,,🟢,,Python: Lab #2,Python,,,,,,,,tasks
🟩 3. Кортежі,,,🟢,,Python: Lab #2,Python,,,,,,,,tasks
🟩 4. Зіркові параметри,,,🟢,,Python: Lab #2,Python,,,,,,,,tasks
🟩 5. Множини,,,🟢,,Python: Lab #2,Python,,,,,,,,tasks
🟩 6. Зберегти у текстовий файл,,,🔵,,Python: Lab #2,Python,,,,,,,,tasks
🟩 7. Двійкові (бінарні) файли,,,🔵,,Python: Lab #2,Python,,,,,,,,tasks
"🟩 2a: Умовні команди: if, elif, else",,,🟢,,Python: Lab #1,Python,,,,,,,,tasks
"🟩 2b: Умовні команди: and, or, not",,,🟢,,Python: Lab #1,Python,,,,,,,,tasks
🟩 2c: Умовні команди: a < b < c,,,🟢,,Python: Lab #1,Python,,,,,,,,tasks
🟩 3a: Цикли: for,,,🟢,,Python: Lab #1,Python,,,,,,,,tasks
🟩 3b: Цикли: while,,,🟢,,Python: Lab #1,Python,,,,,,,,tasks
🟩 3c: Цикли: range,,,🟢,,Python: Lab #1,Python,,,,,,,,tasks
🟩 3d: Цикли: continue,,,🟢,,Python: Lab #1,Python,,,,,,,,tasks
🟩 3e: Цикли: break,,,🟢,,Python: Lab #1,Python,,,,,,,,tasks
🟩 3f: Цикли: else,,,🟢,,Python: Lab #1,Python,,,,,,,,tasks
🟩 4a: Функції: optional (keyword) parameters,,,🟢,,Python: Lab #1,Python,,,,,,,,tasks
🟩 4b: Функції: * та / у списку параметрів,,,🔵,,Python: Lab #1,Python,,,,,,,,tasks
🟩 4c: Функції: лямбда-вирази черзе lambda,,,🟢,,Python: Lab #1,Python,,,,,,,,tasks
🟩 4d: Функції: вбудовані,,,🟢,,Python: Lab #1,Python,,,,,,,,tasks
🟩 4e: Функції: вкладені,,,🟢,,Python: Lab #1,Python,,,,,,,,tasks
🟩 5a: Область видимості: global,,,🟢,,Python: Lab #1,Python,,,,,,,,tasks
🟩 5b: Область видимості: nonlocal,,,🟢,,Python: Lab #1,Python,,,,,,,,tasks
🟦 2. Спадкування,,,🟢,,Python: Lab #3,Python,,,,,,,,tasks
🟦 3. Системний метод (типу __назва__),,,🟢,,Python: Lab #3,Python,,,,,,,,tasks
🟩 1. Підкреслення в іменах,,,🟢,,Python: Lab #3,Python,,,,,,,,tasks
🟩 2. Більше системних методів,,,🟢,,Python: Lab #3,Python,,,,,,,,tasks
🟩 3. Властивості (properties),,,🔵,,Python: Lab #3,Python,,,,,,,,tasks
🟩 4. Множинне спадкування,,,🟢,,Python: Lab #3,Python,,,,,,,,tasks
🟦 2. Модулі,,,🟢,,Python: Lab #4,Python,,,,,,,,tasks
🟦 3. Пакети,,,🟢,,Python: Lab #4,Python,,,,,,,,tasks
🟦 4. Анотації типів,,,🟢,,Python: Lab #4,Python,,,,,,,,tasks
🟩 1. Послідовності,,,🟢,,Python: Lab #4,Python,,,,,,,,tasks
🟩 2. Генератори,,,🔵,,Python: Lab #4,Python,,,,,,,,tasks
🟩 3. Лексичне замикання,,,🔵,,Python: Lab #4,Python,,,,,,,,tasks
🟩 4. Декоратори,,,🔵,,Python: Lab #4,Python,,,,,,,,tasks
🟩 5. Тестування,,,🔵,,Python: Lab #4,Python,,,,,,,,tasks
Github-репозиторій,,,🟢,,Супровід,Супровід,,,,,,,,tasks
🎮 Коротка демонстрація гри (до 1 хв.),,,🟤,,Відео-демки,Супровід,,,,,,,,tasks
Короткий опис гри,,,🟤,,Супровід,Супровід,,,,,,,,tasks
🎮 Повна демонстрація гри (до 5 хв.),,,🟤,,Відео-демки,Супровід,,,,,,,,tasks
🔐 Асинхронний захист (пояснення по коду),,,🟤,,Відео-демки,Супровід,,,,,,,,tasks
Елемент керується гравцем,,,🟤,,Сутності: Фунціонал сутностей,Сутності (entities),,,,,,,,tasks
Переміщення: вниз по спіралі,,,🟤,,Сутності: Переміщення по полю,Сутності (entities),,,,,,,,tasks
Переміщення: зігзагами вниз,,,🟤,,Сутності: Переміщення по полю,Сутності (entities),,,,,,,,tasks
Стріляє двома патронами нахрест,,,🟤,,Сутності: Фунціонал сутностей,Сутності (entities),,,,,,,,tasks
tlinter,,,⚪,,Python: Бібліотеки,Python,,,,,,,,tasks
Механізм променів для “видимості” клітинок (стінок в тому числі) (анастасія),,,🟡,,Функціонал гри,Функціонал гри,,,,,,,,tasks
Неігрова бронзова монетка,,,🟤,,Неігрові монетки,Інше,,,,,,,,tasks
Ігрова бронзова монетка,,,🟤,,Неігрові монетки,Інше,,,,,,,,tasks
pygame,,,🟡,,Python: Бібліотеки,Python,,,,,,,,tasks
FPS,,,🟤,,Інтерфейс: Відображення інфи,Інтерфейс,,,,,,,,tasks
Напрямок руху гравця,,,🟤,,Інтерфейс: Відображення інфи,Інтерфейс,,,,,,,,tasks
Позиція гравця,,,🟤,,Інтерфейс: Відображення інфи,Інтерфейс,,,,,,,,tasks
Обраний предмет,,,🟤,,Інтерфейс: Відображення інфи,Інтерфейс,,,,,,,,tasks
Час до наступної хвилі ворогів,,,🟤,,Інтерфейс: Відображення інфи,Інтерфейс,,,,,,,,tasks
Кількість ресурсів в пічці,,,🟤,,Сутності: Параметри сутностей,Сутності (entities),,,,,,,,tasks
Переміщає ресурси по полю,,,🟤,,Сутності: Фунціонал сутностей,Сутності (entities),,,,,,,,tasks
Пошук найблийжчого ворога,,,🟤,,Сутності: Фунціонал сутностей,Сутності (entities),,,,,,,,tasks
Механізм волн,,,🟤,,Функціонал гри,Функціонал гри,,,,,,,,tasks
"Обирання активного елементу цифрою (1, 2, 3, ...)",,,🟤,,Інтерфейс: Інше,Інтерфейс,,,,,,,,tasks
Керування мишкою (ставити і ламати елемент),,,🟤,,Інтерфейс: Інше,Інтерфейс,,,,,,,,tasks
Малювання лінії мишкою,,,🟤,,Інтерфейс: Інше,Інтерфейс,,,,,,,,tasks
Малювання шляху ворога,,,🟤,,Інтерфейс: Графічні таски,Інтерфейс,,,,,,,,tasks
Плавний рух гравця,,,🟤,,Інтерфейс: Графічні таски,Інтерфейс,,,,,,,,tasks
🧪Досвід: Кількість досвіду (XP),,,🟤,,Сутності: Параметри сутностей,Сутності (entities),,,,,,,,tasks
Level-up система (при підвищенні рівня відкривається екран апгрейду),,,,,Функціонал гри,Функціонал гри,,,,,,,,tasks
Екран вибору апгрейду при підвищенні рівня,,,🟤,,Інтерфейс: Віконця або блоки,Інтерфейс,,,,,,,,tasks
Система скілів + апгрейдів,,,🟡,,Функціонал гри,Функціонал гри,,,,,,,,tasks
Переміщення: Рух гравця з колізіями зі стінами та перешкодами,,,⚪,,Сутності: Переміщення по полю,Сутності (entities),,,,,,,,tasks
"Камера, що слідує за гравцем по карті",,,⚪,,Сутності: Переміщення по полю,Сутності (entities),,,,,,,,tasks
Контактний урон при зіткненні з ворогом,,,🟤,,Функціонал гри,Функціонал гри,,,,,,,,tasks
"Противник, що переслідує гравця",,,⚪,,Сутності: Фунціонал сутностей,Сутності (entities),,,,,,,,tasks
Противники дальнього бою з атакою снарядами,,,⚪,,Сутності: Фунціонал сутностей,Сутності (entities),,,,,,,,tasks
"Противник, що вичікує певний час та робить ривок в гравця",,,⚪,,Сутності: Фунціонал сутностей,Сутності (entities),,,,,,,,tasks
Можливість отримати кілька підвищень рівня за один раз (якщо одночасно отримати багато досвіду),,,⚪,,Функціонал гри,Функціонал гри,,,,,,,,tasks
Уникнення злипання противників між собою,,,⚪,,Сутності: Фунціонал сутностей,Сутності (entities),,,,,,,,tasks
Кастомні хітбокси для різних типів противників,,,🟤,,Сутності: Фунціонал сутностей,Сутності (entities),,,,,,,,tasks
Шкала здоров’я (HP bar) боса,,,🟤,,Інтерфейс: Віконця або блоки,Інтерфейс,,,,,,,,tasks
Шкала здоров’я (HP bar) гравця,,,🟤,,Інтерфейс: Віконця або блоки,Інтерфейс,,,,,,,,tasks
Шкала досвіду (XP bar) гравця,,,🟤,,Інтерфейс: Віконця або блоки,Інтерфейс,,,,,,,,tasks
🏳️ Поразка: якщо здоров’я дорівнює 0,,,🟤,,Функціонал: Поразка,Функціонал гри,,,,,,,,tasks
"🔮Навичка: Скіл, що на місці противників спавнить калюжі і накладає дебаф отруєння на противників (періодично отримує урон)",,,⚪,,Сутності: Параметри сутностей,Сутності (entities),,,,,,,,tasks
"🔮Навичка: Скіл, що запускає навколо гравця обертові снаряди, які завдають урон ворогам при контакті",,,🟤,,Сутності: Параметри сутностей,Сутності (entities),,,,,,,,tasks
"🔮Навичка: Скіл, що автоматично запускає снаряд в найближчого ворога, що відскокує від ворога до ворога певну кількість разів",,,⚪,,Сутності: Параметри сутностей,Сутності (entities),,,,,,,,tasks
"🔮Навичка: Скіл, що накладає дебаф на ворогів і вони отримують більше шкоди",,,⚪,,Сутності: Параметри сутностей,Сутності (entities),,,,,,,,tasks
"🔮Навичка: Скіл, що спавнить снярди в чотири напрядки навколо гравця",,,🟤,,Сутності: Параметри сутностей,Сутності (entities),,,,,,,,tasks
"🔮Навичка: Скіл, що автоматично спавнить снаряд(и) за координатами ворогів і наносить урон по області",,,🟤,,Сутності: Параметри сутностей,Сутності (entities),,,,,,,,tasks
"🔮Навичка: Скіл, що створює снаряд в напрямку руху гравця і пробиває ворогів наскрізь",,,⚪,,Сутності: Параметри сутностей,Сутності (entities),,,,,,,,tasks
"🔮Навичка: Скіл, що створює хвилю навколо гравця, що сповільнує та наносить невеликий урон",,,⚪,,Сутності: Параметри сутностей,Сутності (entities),,,,,,,,tasks
Алгоритм руху до гравця та обходу перешкод при цьому,,,🟡,,Сутності: Фунціонал сутностей,Сутності (entities),,,,,,,,tasks
"📊 Кількість ящиків, які подрібно розставити",,,,,Інтерфейс: Відображення інфи,Інтерфейс,,,,,,,,tasks
Score: +1 за кожний успішний рух гравця(Sokoban),,,,,Функціонал гри,Функціонал гри,,,,,,,,tasks
Зручний редактор рівнів,,,🟡,,Ручне створення рівнів,Рівні (levels),,,,,,,,tasks
Реюзабельна кнопка,,,🟤,,Інтерфейс: Інше,Інтерфейс,,,,,,,,tasks
Реюзабельний dropdown,,,🟤,,Інтерфейс: Інше,Інтерфейс,,,,,,,,tasks
Реюзабельний інпут,,,🟤,,Інтерфейс: Інше,Інтерфейс,,,,,,,,tasks
Набір кнопок для вибору інструментів створення рівня,,,🟤,,Інтерфейс: Пункти меню,Інтерфейс,,,,,,,,tasks
Кнопка збереження створеного в редакторі рівня,,,🟤,,Інтерфейс: Пункти меню,Інтерфейс,,,,,,,,tasks
Кнопка видалення рівня,,,🟤,,Інтерфейс: Пункти меню,Інтерфейс,,,,,,,,tasks
Кнопка створення нового рівня,,,🟤,,Інтерфейс: Пункти меню,Інтерфейс,,,,,,,,tasks
Кнопка рандомізації структури рівня,,,🟤,,Інтерфейс: Пункти меню,Інтерфейс,,,,,,,,tasks
Кнопка перемикання режимів,,,🟤,,Інтерфейс: Пункти меню,Інтерфейс,,,,,,,,tasks
Поле вводу для зміни назви рівня,,,🟤,,Інтерфейс: Пункти меню,Інтерфейс,,,,,,,,tasks
Поле вводу кількості набоїв на рівень,,,🟤,,Інтерфейс: Пункти меню,Інтерфейс,,,,,,,,tasks
Dropdown-меню вибору рівня,,,🟤,,Інтерфейс: Пункти меню,Інтерфейс,,,,,,,,tasks
Редагування мапи за допомогою миші,,,🟤,,Інтерфейс: Пункти меню,Інтерфейс,,,,,,,,tasks
Анти-затор,,,,,Сутності: Переміщення по полю,Сутності (entities),,,,,,,,tasks
"Перемога, якщо зібрано всі точки (всі необхідні елементи)",,,,,Функціонал: Перемога,Функціонал гри,,,,,,,,tasks
"Поразка, якщо закінчилися життя",,,,,Функціонал: Поразка,Функціонал гри,,,,,,,,tasks
"-1 життя, якщо зіткнувся з ворогом",,,,,Функціонал гри,Функціонал гри,,,,,,,,tasks
Зворотній рахунок зібраних елементів,,,,,Інтерфейс: Відображення інфи,Інтерфейс,,,,,,,,tasks
 Інвентар,,,,,Інтерфейс: Відображення інфи,Інтерфейс,,,,,,,,tasks
Список результатів ігор,,,,,Інтерфейс: Результати гри,Інтерфейс,,,,,,,,tasks
Висвітлює всю мапу на деякий час,,,,,Сутності: Фунціонал сутностей,Сутності (entities),,,,,,,,tasks
Створює тимчасовий прохід у стіні,,,,,Сутності: Фунціонал сутностей,Сутності (entities),,,,,,,,tasks
Може дати приз або антиприз,,,,,Сутності: Фунціонал сутностей,Сутності (entities),,,,,,,,tasks
Переміщення через телепорт,,,,,Сутності: Переміщення по полю,Сутності (entities),,,,,,,,tasks
Типові бібліотеки,,,,,Python: Бібліотеки,Python,,,,,,,,tasks
⚔️ Зброя: Міцність броні,,,,,Сутності: Параметри сутностей,Сутності (entities),,,,,,,,tasks
🛒 Магазин: покупка предметів,,,,,Функціонал: Магазин,Функціонал гри,,,,,,,,tasks
Керування мишкою (атака/блокування),,,,,Інтерфейс: Інше,Інтерфейс,,,,,,,,tasks
Кількість зібраних монеток (перелік з),,,,,Інтерфейс: Відображення інфи,Інтерфейс,,,,,,,,tasks
Чекання персонажа,,,,,Сутності: Фунціонал сутностей,Сутності (entities),,,,,,,,tasks
Взаємодія з мапою,,,,,Сутності: Фунціонал сутностей,Сутності (entities),,,,,,,,tasks
Умова перемоги: винести конкретний предмет,,,,,Функціонал гри,Функціонал гри,,,,,,,,tasks
Генерація лабіринту,,,🟡,,Програмне створення рівнів,Рівні (levels),,,,,,,,tasks
Знаходження найдовшого шляху,,,🟡,,Програмне створення рівнів,Рівні (levels),,,,,,,,tasks
Зміна цвітової гами,,,,,Інтерфейс: Графічні таски,Інтерфейс,,,,,,,,tasks
Система ключів та дверей,,,,,Функціонал гри,Функціонал гри,,,,,,,,tasks
Дослідження тайлів,,,,,Функціонал гри,Функціонал гри,,,,,,,,tasks
Зона видимості противника,,,,,Сутності: Фунціонал сутностей,Сутності (entities),,,,,,,,tasks
Машина станів ворога,,,,,Сутності: Фунціонал сутностей,Сутності (entities),,,,,,,,tasks
Інвентарна система,,,,,Функціонал гри,Функціонал гри,,,,,,,,tasks
Лог гри,,,,,Функціонал гри,Функціонал гри,,,,,,,,tasks
Рандомізація атаки,,,,,Функціонал гри,Функціонал гри,,,,,,,,tasks
Система енергії,,,,,Сутності: Фунціонал сутностей,Сутності (entities),,,,,,,,tasks
Інвентар,,,,,Інтерфейс: Віконця або блоки,Інтерфейс,,,,,,,,tasks
Спливаючий текст,,,,,Інтерфейс: Відображення інфи,Інтерфейс,,,,,,,,tasks
Зменшення урону за наявною зброею,,,,,Функціонал гри,Функціонал гри,,,,,,,,tasks
Мінігра: вчасно натиснути кнопку,,,,,Функціонал гри,Функціонал гри,,,,,,,,tasks
Реюзабельне меню вибору,,,,,Інтерфейс: Інше,Інтерфейс,,,,,,,,tasks
Шанс появи у біомі з унікальною клітинкою-ресурсом,,,🟤,,Функціонал гри,Функціонал гри,,,,,,,,tasks
Кількість доступних яблук,,,🟤,,Інтерфейс: Відображення інфи,Інтерфейс,,,,,,,,tasks
Поточна міцність кирки,,,🟤,,Інтерфейс: Відображення інфи,Інтерфейс,,,,,,,,tasks
Загальна міцність кирки,,,🟤,,Інтерфейс: Відображення інфи,Інтерфейс,,,,,,,,tasks
Кількість доступних тотемів,,,🟤,,Інтерфейс: Відображення інфи,Інтерфейс,,,,,,,,tasks
Переміщення: алгоритм A* (a star) до гравця,,,🟡,,Сутності: Переміщення по полю,Сутності (entities),,,,,,,,tasks
-2 бали с зіткненям предмету,,,🪙,,Функціонал гри,Функціонал гри,,,,,,,,tasks
-2 бали с зіткненям бомби та - 1 життя,,,,,Функціонал гри,Функціонал гри,,,,,,,,tasks
-2 бали с зіткненням бомби - 1 життя,,,,,Функціонал гри,Функціонал гри,,,,,,,,tasks
"Скини на всі предмети, поля, карти, персонажів.",,,🪙,,Функціонал гри,Функціонал гри,,,,,,,,tasks
"Якщо програв, та втратил 4 життя приходить куриця і вбиває тебе.",,,,,Функціонал: Поразка,Функціонал гри,,,,,,,,tasks
Складна графічна математика,,,🟡,,Інтерфейс: Графічні таски,Інтерфейс,,,,,,,,tasks
QuadTree,,,🟡,,Алгоритми,Алгоритми,,,,,,,,tasks
"Снаряд що не знищується при попаданні, постійно наносячи урон (лазер)",,,,,Сутності: Фунціонал сутностей,Сутності (entities),,,,,,,,tasks
Анімація взриму бомби,,,,,Інтерфейс: Графічні таски,Інтерфейс,,,,,,,,tasks
Анімація бомби,,,,,Інтерфейс: Графічні таски,Інтерфейс,,,,,,,,tasks
Анімація взриву блоку стіни,,,,,Інтерфейс: Графічні таски,Інтерфейс,,,,,,,,tasks
Бонусні предмети за руйнівними стінами,,,,,Функціонал гри,Функціонал гри,,,,,,,,tasks
"Перехід до наступного рівня, якщо всі вороги вбиті та дверцята знайдені, гравець увійшов у дверцята",,,,,Функціонал гри,Функціонал гри,,,,,,,,tasks
Якщо намагатися знищити дверцята (для переходу до наступного ріня) заспавняться найсильніші вороги,,,,,Функціонал гри,Функціонал гри,,,,,,,,tasks
Шкала здоров’я (HP bar) противника,,,🟤,,Інтерфейс: Віконця або блоки,Інтерфейс,,,,,,,,tasks
pyodbc,,,🟡,,Python: Бібліотеки,Python,,,,,,,,tasks
"Перемога, якщо всі вороги знищені",,,,,Функціонал: Перемога,Функціонал гри,,,,,,,,tasks
Анімація ворогів,,,,,Інтерфейс: Графічні таски,Інтерфейс,,,,,,,,tasks
Звук взриву бомби та ін.,,,,,Функціонал гри,Функціонал гри,,,,,,,,tasks
🏳️Поразка: якщо знищено базу,,,🟤,,Функціонал: Поразка,Функціонал гри,,,,,,,,tasks
"Перемога, якщо пройшли до кінця та не потрапили на бомбу",,,,,Функціонал: Перемога,Функціонал гри,,,,,,,,tasks
"Поразка, якщо потрапив на бомбу",,,,,Функціонал: Поразка,Функціонал гри,,,,,,,,tasks
-1 життя при введені неправильної цифри,,,,,Функціонал гри,Функціонал гри,,,,,,,,tasks
Перемога при повністю вірно заповненому полі,,,,,Функціонал: Перемога,Функціонал гри,,,,,,,,tasks
"Поразка при втраті всіх життів (easy, medium, hard)",,,,,Функціонал: Поразка,Функціонал гри,,,,,,,,tasks
"Поразка при хоча б одній невірно заповненій, чи взагалі незаповненій, клітині (like paper)",,,,,Функціонал: Поразка,Функціонал гри,,,,,,,,tasks
Екран при виграші,,,,,Інтерфейс: Віконця або блоки,Інтерфейс,,,,,,,,tasks
Перелік ачівок (виділені ті які вже здобуті),,,,,Інтерфейс: Віконця або блоки,Інтерфейс,,,,,,,,tasks
"Кількість помилок (easy, medium, hard)",,,,,Інтерфейс: Результати гри,Інтерфейс,,,,,,,,tasks
Життя (відображаються і наявні і втрачені),,,,,Інтерфейс: Відображення інфи,Інтерфейс,,,,,,,,tasks
Шкала заповнення поля,,,,,Інтерфейс: Відображення інфи,Інтерфейс,,,,,,,,tasks
"Перелік всіх чисел, котрі “втрачають” колір коли їх достатньо на полі",,,,,Інтерфейс: Відображення інфи,Інтерфейс,,,,,,,,tasks
"Підсвітка колонки, строки та блоку в яких знаходиться гравець",,,,,Інтерфейс: Відображення інфи,Інтерфейс,,,,,,,,tasks
Підсвітка клітинок в яких такі самі числа як і в обраній,,,,,Інтерфейс: Відображення інфи,Інтерфейс,,,,,,,,tasks
Керування клавіатурою,,,,,Інтерфейс: Інше,Інтерфейс,,,,,,,,tasks
Коректна взаємодія з клітинкої на основії ії характеристики,,,,,Функціонал гри,Функціонал гри,,,,,,,,tasks
ability,,,,,Функціонал гри,Функціонал гри,,,,,,,,tasks
Накладати флажок на клітинку,,,,,Функціонал гри,Функціонал гри,,,,,,,,tasks
